X,Y,bioclass,Smiles
8.57236752069608,1.750523944912105,1,N#Cc1ccc(Cn2cncc2CNC2Cc3ccccc3CN(Cc3ccccc3)C2=O)cc1
-24.74796363819971,6.152288018097904,1,Cn1cncc1CN1CC(N(CC(=O)NC(C)(C)C)S(=O)(=O)c2nccn2C)Cc2cc(C#N)ccc21
15.055162893820768,-10.832724753711384,0,O=C(Cc1cccnc1)N1CCC(=C2c3ccc(Cl)cc3CCc3cc(F)cnc32)CC1
-25.780175845313806,-11.93512139581295,0,O=C(C1CCCC2NCCCC21)N1CCN(C2c3ccc(Cl)cc3CCc3cc(Br)cnc32)CC1
-24.852672222582214,-12.007550186479891,1,CS(=O)(=O)N1CCC(C2c3ncc(Br)cc3C=Cc3cc(Cl)cc(Br)c32)CC1
-13.128685836932583,-3.655053002260474,1,CSc1ccc(CN2C(=O)N(CCCn3ccnc3)C(=O)C2(C)c2cccc3ccccc23)cc1C#N
-7.814881684337307,-10.652068466548704,1,CSCc1ccc(CN2C(=O)N(CCCn3ccnc3)C(=O)C2(C)c2cccc3ccccc23)cc1
-23.913283078500097,5.253636299144214,1,Cn1cncc1CN1CC(N(CC(=O)OC(C)(C)C)S(=O)(=O)c2ccccn2)Cc2cc(C#N)ccc21
35.78484492719974,-8.313379505237187,0,O=C(c1cccc2ccccc12)N1CCN(Cc2ncc[nH]2)c2ccccc2C1
-56.67019633892734,8.395776934210767,1,O=C(CC1CCN(C(=O)Cn2cncn2)CC1)N1CCC(C2c3ncc(Br)cc3CCc3cc(Cl)cc(Br)c32)CC1
31.460667789713593,7.9062523589602165,0,CCOC(=O)C(C#N)=CC(C(=O)c1ccc(OC)c(OC)c1)[n+]1ccc(OC)cc1
14.989476770332308,-9.8369673691407,0,Cn1cncc1C(OCc1ccc(Cl)cc1-c1ccccc1Cl)c1ccc(C#N)cc1
-13.120632370592158,6.231250219493304,1,N#Cc1ccc(Cn2cnnc2CN(Cc2ccc(F)cc2F)C(=O)c2ccc3ccccc3n2)nc1
10.911128113695193,-3.7542353662777654,0,O=C(c1cccc2ccccc12)N1CCN(Cc2c[nH]cn2)c2ccc(-c3cccnc3)cc2C1
13.721793530533047,5.236623103689076,1,N#Cc1ccc2cc1Oc1ccc3cccc(c3c1)N1CCC(NCCc3cncn3C2)C1=O
-5.2086356181129965,-3.575870100664848,1,Cn1cncc1C(N)(c1ccc(Cl)cc1)c1ccc2c(c1)c(-c1cccc(Cl)c1)nc(=O)n2C
-13.594958188376618,8.287196097723367,1,COC(=O)c1cc(-c2cccc(OC)c2)c2oc(C(O)(c3ccc(C#N)cc3)c3cncn3C)cc2c1
-10.66303142040224,-1.3402983728163362,1,Cn1cncc1C(N)(c1ccc(Cl)cc1)c1ccc2c(c1)c(-c1cccc(Cl)c1)nc1nncn12
-51.42045253223025,2.2070905066624427,1,NC(=O)N1CCC(CC(=O)N2CCN(C3c4ccc(Cl)c(Br)c4CCc4cc(Br)cnc43)CC2)CC1
36.76950678546788,-1.3542549858774389,0,N#Cc1c(SCc2ccc(C(=O)O)cc2)nc2c(c1-c1ccccc1)CCC2
19.367219030067925,7.0462872950816235,1,N#Cc1ccc2cc1Oc1ccc3c(c1)C(CCC3)N1CCC(NCc3cncn3C2)C1=O
12.383982681509154,0.43156859633398575,1,Cn1cncc1CN(Cc1cccc(C#N)c1)c1ccc(C#N)c(-c2cccc3ccccc23)c1
45.24948398313007,-6.014400956243066,0,CCOC(=O)c1sc(SC(C)C)c(C#N)c1Nc1ccccc1
-57.014491605402505,9.409108534816903,1,CCOC(=O)CNC(=O)N1CCC(CC(=O)N2CCC(C3c4ncc(Br)cc4CCc4cc(Cl)cc(Br)c43)CC2)CC1
10.580845035166282,12.873894000960847,1,N#Cc1ccc(Cn2cncc2COCc2ccc(C#N)cc2-c2ccc3c(c2)OCO3)cc1
-54.20582572456592,3.829657951981036,1,O=C(NCc1cccnc1)C1CN(C2c3ccc(Cl)cc3CCc3cc(Br)cnc32)CCN1C(=O)CCc1ccccc1
32.89494321846391,7.857203654568191,0,N#Cc1ccc(Cn2cncc2CNC2CCN(C(=O)c3ccc[nH]c3=O)C2)cc1
-23.52520380265559,4.054968762386108,0,Cc1nc(C)c(CN(CCN(Cc2cncn2C)c2ccc(C#N)cc2)S(=O)(=O)c2cn(C)cn2)s1
0.35418040647076793,9.831561394248883,1,Cn1cncc1C(OCc1c(-c2ccc(F)c(F)c2)cc(C#N)c(=O)n1C)c1ccc(C#N)cc1
44.997036393013275,-4.971869656079887,1,CC1(c2cccc3ccccc23)NC(=O)N(CCCn2ccnc2)C1=O
20.58038682108969,-5.932416495941685,0,CN(C)c1cc[n+](C(=CCC(=O)O)C(=O)N2c3ccccc3Sc3ccccc32)cc1
3.201687716310422,-0.47663024638730206,0,CN(C)c1cc[n+](C(C=C(C#N)C#N)C(=O)N2c3ccccc3Sc3ccc(Cl)cc32)cc1
27.801227112893393,8.816510032920073,1,CS(=O)(=O)N1Cc2cc(C#N)ccc2N(Cc2c[nH]cn2)CC1Cc1ccccc1
-28.6187605151763,-1.8333526332477315,1,CSCCC(NC(=O)c1ccc(C=Cc2cnccc2C2(O)CCCCC2)cc1-c1ccccc1C)C(=O)O
-5.56714929097794,3.8167948107028655,1,Cn1cncc1CN(Cc1ccc(C#N)cc1)C(=O)N1CCC(C#N)=C(c2cccc3ccccc23)C1
6.992709769528588,4.480412604829372,1,C=C(C)CN(C1Cc2cc(C#N)ccc2N(Cc2cncn2C)C1)S(=O)(=O)c1ccccc1
4.050221012047666,-0.24787906558910672,0,CCOC(=O)C(C#N)=CC(C(=O)N1c2ccccc2Sc2ccccc21)[n+]1cc(C)cc(C)c1
2.393293392526604,3.2483994389109974,0,CCOC(=O)C(C#N)=CC(C(=O)N1c2ccccc2Sc2ccccc21)[n+]1ccc(OC)cc1
17.85855645586842,4.043538165007065,0,CCOC(=O)C(C#N)=CC(C(=O)N1c2ccccc2Sc2ccccc21)[n+]1ccccc1
-26.02697496547904,5.1690085790011056,0,COC(=O)C(CCSC)NC(=O)CN1C(=O)N(CCc2c[nH]cn2)C(=O)C1(C)c1cccc2ccccc12
-37.02449743873484,0.4341773123548726,1,CCCC(=O)N1CCC(CN(C2Cc3cc(C#N)ccc3N(Cc3cncn3C)C2)S(=O)(=O)c2ccccn2)CC1
-41.274108411222706,1.7535942223622478,1,Cn1cncc1CN1CC(N(CC2CCN(C(=O)CC(C)(C)C)CC2)S(=O)(=O)c2ccccn2)Cc2cc(C#N)ccc21
43.494834070935234,-9.866332176616096,0,Fc1ccc2c(c1)SC(Cn1ccnc1)C2OCc1ccsc1
-33.62170155354926,-4.906490935075622,1,N#CN=C(NCc1ccc[n+]([O-])c1)N1CCC(=C2c3ccc(Cl)cc3CCc3cc(Br)cnc32)CC1
19.934665491925905,-7.2755952855672925,0,NC1CCC(C(=O)N2CCC(=C3c4ccc(Cl)cc4CCc4cccnc43)CC2)CC1
27.5853575208158,-13.231664235945466,0,Fc1ccc2c(c1)C(OCc1c(Cl)cccc1Cl)C(Cn1ccnc1)S2
10.470919092085262,-12.132234965732476,0,CN1CCC(CC(=O)N2CCC(=C3c4ccc(Cl)cc4SCc4cccnc43)CC2)CC1
4.7189443647914615,11.33039428965072,1,C=C(C)CN(C1Cc2cc(C#N)ccc2N(Cc2cncn2C)C1)S(=O)(=O)c1cccnc1
4.718632623478535,11.330864853866355,1,C=C(C)CN(C1Cc2cc(C#N)ccc2N(Cc2cncn2C)C1)S(=O)(=O)c1ccccn1
44.05698821643644,-7.654174985442224,0,N#Cc1ccc(Cn2ccnc2)cc1Oc1ccc(-c2ccccc2)cc1
-2.001120686435609,-10.572883592777911,1,Cn1cnnc1C(C)(c1ccc(Cl)cc1)c1ccc2c(c1)c(-c1cccc(Cl)c1)cc(=O)n2C
-17.856840375790515,-10.246786780534789,1,CN1C(=O)CSC(c2cccc(Cl)c2)c2cc(C(N)(c3ccc(Cl)cc3)c3cncn3C)ccc21
31.69721747369051,1.0043870973562516,1,N#Cc1ccc(Cn2cncc2CNC2CCN(c3ccc(Cl)cc3)C2=O)cc1
-9.472791167780215,-9.807858432733035,1,N#Cc1ccc(Cn2cncc2CN(CCCc2ccccc2)C2CCN(Cc3ccccc3)C2=O)cc1
-51.60920034301212,3.4486708129693597,1,N#CN=C(NCc1ccc[n+]([O-])c1)N1CCC(C2c3ncc(Br)cc3CCc3cc(Cl)cc(Br)c32)CC1
29.323838946610124,5.54301310445622,1,CCOC(=O)N1Cc2cc(C#N)ccc2N(Cc2c[nH]cn2)CC1Cc1ccccc1
-17.529110476724266,0.8246379586183726,1,CC1(C)OCC(Cc2ccc3cc2CN2CCN(CC2=O)Cc2cncn2Cc2ccc(C#N)c(c2)O3)O1
25.39682588101761,3.3235036184753097,1,C#Cc1ccc2cc1CN1CCN(CC1=O)Cc1cncn1Cc1ccc(C#N)c(c1)O2
-13.19326434381663,-8.586806448608648,1,CS(=O)(=O)N1Cc2cc(Br)ccc2N(Cc2c[nH]cn2)CC1Cc1cccc(Cl)c1
-52.553100570191965,9.808888324357595,1,CCC(C)C(CN(CC(=O)NC(CCSC)C(=O)O)Cc1cccc2ccccc12)NC(=O)CSCc1ccc(S(C)(=O)=O)cc1
-13.193499160085063,-8.586264725875544,1,CS(=O)(=O)N1Cc2cc(Br)ccc2N(Cc2c[nH]cn2)CC1Cc1ccccc1Cl
-39.69916863800223,1.651082204183664,1,Cn1cncc1CN1CC(N(Cc2cc3nsnc3cc2Cl)S(=O)(=O)c2ccccn2)Cc2cc(C#N)ccc21
34.93256192922514,-9.78326163933424,0,[O-][n+]1ccc(CN2CCC(=C3c4ccccc4CCc4cccnc43)CC2)cc1
-13.293378976585007,-7.182446553308689,1,N#Cc1ccc2cc1Oc1ccc(CCC3CCCCC3)c(c1)CN1CCN(CC1=O)Cc1cncn1C2
-0.006764228065279824,-0.24852444310145738,1,CSCCC(NC(=O)c1ccc(C=Cc2cnccc2Cl)cc1-c1ccccc1C)C(=O)O
31.44985265657809,-1.2331126584998586,0,N#Cc1ccc(Cn2cncc2C(=O)N2CCN(c3cccc(Cl)c3)CC2)cc1
19.5563888715011,6.734423896228609,0,CC(=O)Nc1ccc2c(c1)N(Cc1c[nH]cn1)CCN(C(=O)c1cccc3ccccc13)C2
27.477935298375076,-8.482606456858758,0,O=C(c1cccc2ccccc12)N1CCN(Cc2c[nH]cn2)c2cc(Cl)ccc2C1
-53.53259559133196,3.3181116759528537,1,NC(=O)CN1CCC(CC(=O)N2CCC(C3c4ncc(Br)cc4CCc4cc(Cl)cc(Br)c43)CC2)CC1
26.59624363317513,1.4196057269644573,1,CC1CN(c2cccc(Cl)c2)C(=O)CN1Cc1cncn1Cc1ccc(C#N)cc1
-14.524483121892112,5.390843589980866,1,Cn1cncc1CN1CC(N(CCn2cccc2)S(=O)(=O)c2ccccn2)Cc2cc(C#N)ccc21
4.951684915901492,14.379398825280882,1,Cn1cncc1C(O)(C#Cc1ccc(C#N)cc1-c1ccc2c(c1)OCO2)c1ccc(C#N)cc1
7.6644164874829865,13.573692871001896,1,Cn1cncc1C(OCc1ccc(C#N)cc1C#Cc1ccc(C#N)cc1)c1ccc(C#N)cc1
11.035710343867956,1.998555540603781,1,Cn1cncc1C(OCc1ccc(C#N)cc1C#CCCc1ccccc1)c1ccc(C#N)cc1
41.77890498588524,-8.966836665468046,0,Clc1ccc2c(c1)SC(Cn1ccnc1)C2OCc1cscn1
23.408117153110492,3.903888994990081,1,Cc1ncc(CN2CCN(C(=O)OCc3ccccc3)CC2)n1Cc1ccc(C#N)cc1
-57.23943813817792,10.14993471056656,1,O=C(O)c1cncc(C(=O)N2CCC(CC(=O)N3CCC(C4c5ncc(Br)cc5CCc5cc(Cl)cc(Br)c54)CC3)CC2)c1
-48.9118754415909,6.920196190277375,1,CCC(C)C(CN(CC(=O)NC(CCSC)C(=O)O)Cc1cccc2ccccc12)NC(=O)CSCc1ccc(C#N)cc1
7.3127750667488485,3.7365989684942122,0,COC(=O)C(CCSC)N(C(=O)c1ccccc1)C1CCN(C(=O)c2cscn2)CC1
28.237378635493297,-8.637668144967293,0,[O-][S+]1c2cc(Cl)ccc2C(OCc2ccsc2Cl)C1Cn1ccnc1
-49.17824661804592,8.348143136347785,1,CCC(C)C(CN(CC(=O)NC(CCSC)C(=O)O)Cc1cccc2ccccc12)NC(=O)CCCc1ccc([N+](=O)[O-])cc1
34.409846572478855,0.9566313566188237,0,Nc1ccc2c(c1)N(Cc1c[nH]cn1)CCN(C(=O)c1cccc3ccccc13)C2
23.595604749964696,-13.424556829029921,0,Clc1ccc(COC2c3ccc(Cl)cc3SC2Cn2ccnc2)c(Cl)c1
-57.014087661805405,7.506353847884689,1,CN(C)C(=O)C(=O)N1CCC(CC(=O)N2CCC(C3c4ncc(Br)cc4CCc4cc(Cl)cc(Br)c43)CC2)CC1
-8.074440816219957,-5.946162455119506,1,N#Cc1cc(Cn2cncc2CN2CCN(c3cccc(Cl)c3)C(=O)C2)ccc1Oc1ccccc1
12.0858793206033,-11.644528413129018,0,CN(C)c1ccc(C(=O)N2CCN(C3c4ccc(Cl)cc4CCc4cccnc43)CC2)cc1
-0.8667937741940356,20.520543142356225,0,COC12OC(O)C3=C1C(C)(CCC3=O)c1cc3c(OS(=O)(=O)O)ccc(O)c3cc1C2=O
43.96281022974896,-4.322570204699864,0,CC(C)Sc1sc(C(=O)O)c(Oc2ccc(Cl)cc2)c1C#N
9.57603339307762,-7.907887793920136,0,CC(=O)N1CCC(C(=O)N2CCN(C3c4ccc(Cl)cc4CCc4cccnc43)CC2)CC1
7.794865397943684,3.043160227777439,1,CCOc1cccc(-c2cc(C#N)ccc2CN(C)Cc2cncn2Cc2ccc(C#N)cc2)c1
47.20827765092325,-1.3940446433171698,0,CN(C)c1cc[n+](C(=CC(C#N)C#N)C(=O)c2ccc(C#N)cc2)cc1
25.005028085366558,11.142498344077639,1,CCOC(=O)CN1C(=O)N(CCCc2c[nH]cn2)C(=O)C1(C)c1cccc2ccccc12
8.03235711824519,15.75982715129317,1,Cn1cncc1C(N)(c1ccc(C#N)cc1)c1cc2cc(C#N)cc(-c3cccc(F)c3)c2o1
1.0205803669410707,-2.863768036672281,1,CS(=O)(=O)N1Cc2cc(Br)ccc2N(Cc2c[nH]cn2)CC1CC1CCCCC1
2.9234462568268547,-2.325778736344266,1,CS(=O)(=O)N1Cc2cc(Br)ccc2N(Cc2c[nH]cn2)CC1Cc1ccccc1
13.555652066211293,2.420352027268936,0,O=C(Oc1ccc[n+]([O-])c1)N1CCN(C2c3ccc(Cl)cc3CCc3cccnc32)CC1
-23.995566968401967,-8.013179409436926,0,Cn1cnc(S(=O)(=O)N(CCN(Cc2cncn2C)c2ccc(-c3ccccc3)cc2)Cc2ccccc2)c1
-25.685976873543854,9.148172875572646,1,CC(C)(C)C(NCCCc1c[nH]cn1)C(=O)N1Cc2ccccc2CC1C(=O)NC(CCC(N)=O)C(=O)O
25.579903293600356,2.727584413093154,0,Cc1cc(C)c[n+](C(C=C(C#N)C#N)C(=O)N2c3ccccc3Sc3ccccc32)c1
25.683032918413595,5.873155653115227,0,COc1cc[n+](C(C=C(C#N)C#N)C(=O)N2c3ccccc3Sc3ccccc32)cc1
24.57473883029433,11.245857045667067,1,CSCCC(NC(=O)c1ccc(C=Cc2c[nH]cn2)cc1-c1ccccc1C)C(=O)O
-13.170150044914417,7.149938440498745,0,N#Cc1ccc(C(=O)Cn2cc(CNC(=O)CCN3c4ccccc4Sc4ccccc43)nn2)cc1
-57.22255646210064,7.969270144756979,1,CN(C)S(=O)(=O)N1CCC(CC(=O)N2CCC(C3c4ncc(Br)cc4CCc4cc(Cl)cc(Br)c43)CC2)CC1
48.1195315269811,-3.773809266826495,0,COc1ccc(C(=O)C(=CC(C#N)C#N)[n+]2cc(C)cc(C)c2)cc1
44.87248614518107,-0.6098051301806493,0,COc1cc[n+](C(=CC(C#N)C#N)C(=O)c2ccc(OC)c(OC)c2)cc1
-41.03390565170715,3.5875870551272215,0,CSCCC(NC(=O)c1sc(NCc2cncn2Cc2ccc(C#N)cc2)c(C#N)c1-c1ccc(Cl)cc1)C(=O)O
29.278145284429517,3.1195436765912694,0,CC(C)C(=O)OCC(=O)C1CCC2C3CC=C4CC(=O)CCC4(C)C3C(=O)CC12C
30.321889984602386,-9.596249133840585,0,O=C(Cc1ccncc1)N1CCC(=C(c2ccc(Cl)cc2)c2ccccn2)CC1
-53.53101756850473,3.282842398265464,1,NCC(=O)N1CCC(CC(=O)N2CCC(C3c4ncc(Br)cc4CCc4cc(Cl)cc(Br)c43)CC2)CC1
2.2915382497324206,19.006173982250072,1,Cn1cncc1C(N)(c1ccc(C#N)cc1)c1cc2cc(C#N)cc(-c3cccc(C#N)c3)c2o1
-1.2424370201292183,19.68907237335792,1,Cn1cncc1C(O)(c1ccc(C#N)cc1)c1cc2cc([N+](=O)[O-])cc(-c3ccc(C#N)cc3)c2o1
46.85593990940546,-0.9388192428027886,0,Cc1c(Cc2ccccc2)sc(CC(=O)CCC(=O)O)c1C(N)=O
0.6144263319984361,-1.4383472463387177,1,Cn1cncc1C(OCc1ccc(C#N)cc1-c1ccc(-c2ccccc2)cc1)c1ccc(C#N)cc1
-22.450599922588626,7.45282493969692,1,N#Cc1ccc(Cn2cnnc2CN(Cc2ccc([N+](=O)[O-])cc2)C(=O)c2ccc3ccccc3n2)cc1
29.344279325782903,3.7045250540520422,1,CN(C)C(=O)N1Cc2cc(C#N)ccc2N(Cc2c[nH]cn2)CC1Cc1ccccc1
15.640444265544174,6.241954702712669,1,CSCCC(NC(=O)c1ccc(C#Cc2cccnc2)cc1-c1ccccc1C)C(=O)O
18.33440545054212,2.756364428484112,0,N#Cc1ccc(C(OCc2ccc(C#N)cc2-c2cccc(Cl)c2)c2cncs2)cc1
28.188665805967556,-6.991087229379954,1,NC(CS)CN1CCN(C(=O)c2cccc3ccccc23)CC1CCOC1CC1
13.664304579423014,-10.345474172786671,0,CN1CCCC(OC(=O)N2CCN(C3c4ccc(Cl)cc4CCc4cccnc43)CC2)C1
-24.108747550036224,6.886179227710463,0,O=C(O)c1ccc(N=[N+]([O-])c2ccccc2Sc2ccccc2C(=O)O)cc1Sc1ccccc1O
44.170905269885424,-8.928222609375428,0,COc1ccc2c(c1)CCc1cccnc1C2=C1CCN(C(C)=O)CC1
31.835893719513475,-9.161317646509652,0,CC(C)CN(Cc1cccnc1)C(=O)Cc1c(-c2ccccc2)[nH]c2ccccc12
-50.226459759693405,8.944562512689327,1,CCC(C)C(CN(CC(=O)NC(CCSC)C(=O)O)Cc1cccc2ccccc12)NC(=O)CSCc1cccc([N+](=O)[O-])c1
-57.3112358177876,8.779818766721892,1,O=C(CC1CCN(C(=O)c2ccc[n+]([O-])c2)CC1)N1CCC(C2c3ncc(Br)cc3CCc3cc(Cl)cc(Br)c32)CC1
40.093914583292516,-6.132301696738477,0,NCC(=O)N1CCC(=C2c3ccc(Cl)cc3CCc3cccnc32)CC1
-48.86787814174467,2.876267903659377,1,Cn1cncc1C(OCc1c(-c2cc(Cl)cc(Cl)c2)cc(C#N)c(=O)n1C)c1ccc(C#N)c(I)c1
8.056431868537803,-9.4385388343932,1,Cn1cnnc1C(c1ccc(Cl)cc1)c1ccc2c(c1)c(-c1cccc(Cl)c1)cc(=O)n2C
8.726948687445537,9.026568930352115,1,Cn1cncc1C(O)(C#Cc1cccc(N)c1)c1ccc(C#N)c(-c2cccc3ccccc23)c1
-1.6188378154749983,18.150774984017115,1,COc1cccc(-c2cc([N+](=O)[O-])cc3cc(C(O)(c4ccc(C#N)cc4)c4cncn4C)oc23)c1
10.17142190743047,13.333275611143897,1,COc1cccc(-c2cc(C#N)ccc2CCC(O)(c2ccc(C#N)cc2)c2cncn2C)c1
-0.017307193525394806,-2.2580665989051276,1,N#Cc1ccc(Cn2cncc2CNC2Cc3ccccc3CN(c3cc(F)cc(F)c3)C2=O)cc1
2.36738180592232,17.005847044600994,1,COc1cccc(-c2cc(C#N)cc3cc(C(N)(c4ccc(C#N)cc4)c4cncn4C)oc23)c1
0.9659418638543397,17.31935429570712,1,Cc1cccc(-c2cc([N+](=O)[O-])cc3cc(C(O)(c4ccc(C#N)cc4)c4cncn4C)oc23)c1
-0.8044303435211588,19.463589262896722,1,Cn1cncc1C(O)(c1ccc([N+](=O)[O-])cc1)c1cc2cc([N+](=O)[O-])cc(-c3ccccc3)c2o1
43.091897372821364,-9.537147813592199,0,CC(=O)N1CCC(=C2c3ccc(Cl)cc3CCc3cccnc32)CC1
-14.79347273311486,5.10943044828357,1,Cn1cc(S(=O)(=O)N(Cc2ccccc2)C2Cc3cc(C#N)ccc3N(Cc3cncn3C)C2)cn1
-48.61463633440177,2.138937522468474,0,CCCCC(=O)N1CCN(C2c3ccc(Cl)cc3CCc3cc(Br)cnc32)CC1C(=O)NCc1ccc[n+]([O-])c1
-36.21611522385845,0.8932005718340148,1,Cn1cnc(S(=O)(=O)N(Cc2ccc(-n3cccn3)cc2)C2Cc3cc(C#N)ccc3N(Cc3cncn3C)C2)c1
27.71713136321604,9.510202874726456,1,CN(C1Cc2cc(C#N)ccc2N(Cc2cncn2C)C1)S(=O)(=O)c1ccccn1
-26.02156641651132,9.387319703419085,0,CSCCC(NC(=O)C(Cc1ccccc1)NC(=O)C(NC(=O)C(N)Cc1c[nH]cn1)C(C)C)C(=O)O
-48.319812353712834,4.139468936511273,1,Cn1cncc1C(OCc1c(-c2ccc(OC(F)(F)F)cc2)cc(C#N)c(=O)n1C)c1ccc(C#N)c(-c2ccc(Cl)cc2)c1
34.150347867999336,2.0426326425520687,1,C=C(C)CN(C1Cc2cc(C#N)ccc2N(Cc2cncn2C)C1)S(C)(=O)=O
-53.89039181694585,9.52665985070967,1,CCC(C)C(CN(CC(=O)NC(CCSC)C(=O)O)Cc1cccc2ccccc12)NC(=O)Cc1cncn1Cc1ccc2ccccc2c1
2.6671062408512665,10.361333657446714,0,COC(=O)C(CCSC)NC(=O)c1ccc(CNCc2c[nH]cn2)cc1-c1ccccc1C
-14.910105338729982,5.110205148917922,1,Cn1cnc(S(=O)(=O)N(Cc2ccccc2)C2Cc3cc(C#N)ccc3N(Cc3cncn3C)C2)c1
-6.960038070761265,5.917732530042086,1,CCOc1cccc(-c2cc(C#N)ccc2CN(Cc2cncn2Cc2ccc(C#N)cc2)C(C)=O)c1
-7.650049601577499,-6.5642783419731385,1,N#Cc1ccc(Cn2cncc2CNC2C(=O)N(Cc3cc(F)cc(F)c3)CCc3ccccc32)cc1
10.197407860527557,-5.2865639026237865,1,C#Cc1ccc(C#CC(O)(c2ccc(C#N)c(-c3cccc4ccccc34)c2)c2cncn2C)cc1
-57.00083705124306,10.21926984215785,1,NC(=O)c1cncc(C(=O)N2CCC(CC(=O)N3CCC(C4c5ncc(Br)cc5CCc5cc(Cl)cc(Br)c54)CC3)CC2)c1
-13.04272923796834,4.276020208911465,1,Cn1cncc1CN1CC(N(Cc2ccccc2)S(=O)(=O)c2cccnc2)Cc2cc(C#N)ccc21
-7.273162820778581,-10.078884276261993,1,Cn1cncc1C(N)(c1ccc(Cl)cc1)c1ccc2c(c1)c(-c1cccc(Cl)c1)cc1nccn12
42.7328230966654,-6.417325172511863,0,Cc1cccc2c(C(=O)O)cc(C(=O)c3ccc(Br)cc3)n12
0.9361970520129338,9.837593487871217,1,Cn1cncc1C(OCc1c(-c2cc(F)cc(F)c2)cc(C#N)c(=O)n1C)c1ccc(C#N)cc1
12.449860797542966,12.554713689421963,1,N#Cc1ccc(Cn2cncc2CN(CCCN)C2CCN(Cc3ccccc3)C2=O)cc1
24.073104707660136,8.380370192827726,1,Cn1cncc1C(OCc1ccc(C#N)cc1C=Cc1ccccn1)c1ccc(C#N)cc1
41.39635677058071,-9.713363840341822,0,O=C(Cc1ccncc1)N1CCC(=C(c2ccccc2)c2ccccc2)CC1
-20.438360092455238,-1.9498021410443098,0,O=C(Nc1ccc2c(c1)N(Cc1c[nH]cn1)CCN(C(=O)c1cccc3ccccc13)C2)OC1CCCCC1
23.12745374015313,-12.239316840994864,0,CCCn1c(-c2ccccc2)c(CC(=O)N(Cc2ccncc2)C(C)C)c2ccccc21
22.749781496669197,-13.6826524769435,0,Clc1cc(Cl)c2c(c1)C(OCc1ccsc1Cl)C(Cn1ccnc1)S2
2.4419346111724862,4.029785091837901,1,N#CC1=C(c2cccc3ccccc23)CN(C(=O)CCc2cncn2Cc2ccc(C#N)cc2)CC1
21.842110079826195,7.229972987378371,1,Cn1cncc1CN1CC(N(Cc2ccccc2)S(C)(=O)=O)Cc2cc(C#N)ccc21
-23.886973166984433,6.178757763284654,1,N#Cc1ccc(Cn2cncc2CNC(CC(=O)NC(Cc2ccccc2)C(N)=O)Cc2ccccc2)cc1
28.797224566118473,8.050456857014897,0,CC(C)CC(NC(=O)c1cc(NCc2ccncc2)ccc1-c1ccccc1)C(=O)O
32.5071397613367,-1.3744727782007244,0,Cc1cccc(N2CCN(Cc3cncn3Cc3ccc(C#N)cc3)CC2=O)c1C
-23.90678686984556,3.0747169756968478,1,CCC(C)C(CN(CC(=O)NC(CCSC)C(=O)O)Cc1cccc2ccccc12)NCc1c[nH]cn1
-24.61551585494234,0.6933511666152096,1,CSCCC(NC(=O)c1ccc(COCc2ccc(-c3ccccn3)o2)cc1-c1ccccc1C)C(=O)O
12.094545785675644,-9.940610638226259,0,CC(C)(C(=O)N1CCN(C2c3ccc(Cl)cc3CCc3cccnc32)CC1)c1ccncc1
3.8857233504934303,-0.31975104259185483,0,CC(C)(C)OC(=O)NCC(=O)N1CCN(C2c3ccc(Cl)cc3CCc3cccnc32)CC1
19.859431364636706,-8.985727265736942,0,Cc1onc(-c2ccccc2)c1COC1c2ccc(Cl)cc2SC1Cn1ccnc1
-7.496149358003695,1.37821935017721,1,N#Cc1ccc(Cn2cnnc2CN(Cc2ccc(F)cc2F)C(=O)c2ccc3ccccc3n2)cc1
30.474804327617505,-12.735133900612754,0,Clc1ccc2c(c1)SC(Cn1ccnc1)C2OCc1ccsc1Cl
-6.421224537052282,-5.429688553830811,1,N#Cc1ccc(Cn2cnnc2CN(Cc2ccc(F)cc2F)C(=O)c2ccc3ccccc3c2)cc1
-47.136680817591255,-3.3788513450500512,1,O=C(Cc1ccc[n+]([O-])c1)N1CCC(C2c3ncc(Br)cc3CCc3cc(Cl)cc(Br)c32)CC1
5.323533539472588,19.15917563605737,0,CCOC(=O)C(C#N)=CC(C(=O)c1ccc2c(c1)NC(=O)CO2)[n+]1ccc(N(C)C)cc1
34.22562163333034,6.573810506509921,0,CCOC(=O)C(C#N)=CC(C(=O)c1ccc(C#N)cc1)[n+]1ccc(N(C)C)cc1
-1.8494138962630404,21.13346985501344,0,COc1cccc(-c2c(C)c(C(=O)O)nc(-c3ccc4c(n3)C(=O)C(=N)C(OC)C4=O)c2N)c1O
-6.163744677890584,-9.769883462999612,0,NC(CS)C(=O)N1CCN(C2c3ccc(Cl)cc3CCc3cc(Br)cnc32)CC1
32.42169640029915,4.292349003977811,1,Cc1ccccc1-c1cc(C(O)(c2ccc(C#N)cc2)c2cncn2C)ccc1C#N
-24.615515816505763,0.6933916451514788,1,CSCCC(NC(=O)c1ccc(COCc2ccc(-c3cccnc3)o2)cc1-c1ccccc1C)C(=O)O
-32.921873308664765,-7.6152878044053285,0,CSCCC(C(=O)N1CCC(=C2c3ccc(Cl)cc3CCc3cccnc32)CC1)N1C(=O)c2ccccc2C1=O
1.2891740744160236,2.6204887107368466,0,COC1OC(OC)c2c1cc(O)c1c2OC2(C)CCC3C(C)(C)C(OC(C)=O)CCC3(C)C2C1
39.45805261084752,-7.916186695631798,1,CCCCC1CN(C(=O)c2cccc3ccccc23)CCN1CC(N)S
-51.07186543830417,1.3620696161356254,1,NC(=O)N1CCC(CC(=O)N2CCC(C3c4ncc(Br)cc4C=Cc4cc(Cl)cc(Br)c43)CC2)CC1
0.8864460718621328,7.933140998390557,1,CCC1(c2cccc(Oc3cc(C(C)(O)c4cncn4C)ccc3C#N)c2)CCCCN(C)C1=O
-21.48203822187267,-8.287016917466442,0,N#Cc1ccc(Cn2cncc2CN2CCN(c3cccc(Cl)c3)C(=O)C2)cc1Oc1cccc(Cl)c1
-41.06021866151899,2.5440256345687926,1,CC(C)COC(=O)N1CCC(CN(C2Cc3cc(C#N)ccc3N(Cc3cncn3C)C2)S(=O)(=O)c2ccccn2)CC1
-37.27575652173334,1.3976563592582532,1,CCOC(=O)N1CCC(CN(C2Cc3cc(C#N)ccc3N(Cc3cncn3C)C2)S(=O)(=O)c2ccccn2)CC1
-35.9847660612326,1.5521765253973998,1,COC(=O)N1CCC(CN(C2Cc3cc(C#N)ccc3N(Cc3cncn3C)C2)S(=O)(=O)c2ccccn2)CC1
11.25575852304928,-8.985175301179165,0,CC(C)Sc1sc(C(=O)Nc2cccc3ccccc23)c(-c2ccc(Cl)cc2)c1C#N
9.990227992238935,-3.9265220190843655,0,CN1Cc2cccnc2C(N2CCN(C(=O)Cc3cc[n+]([O-])cc3)CC2)c2ccc(Cl)cc21
18.333533660858876,4.438155042126894,1,CCCc1ccc2cc1CN1CCN(CC1=O)Cc1cncn1Cc1ccc(C#N)c(c1)O2
12.957643592560556,9.492954933948214,1,CCOc1cccc(-c2cc(C#N)ccc2CNCc2cncn2Cc2ccc(C#N)cc2)c1
-0.5977409101892661,-9.817471626521044,0,CC(=O)N1CCCC(CC(=O)N2CCN(C3c4ccc(Cl)cc4CCc4cccnc43)CC2)C1
50.048027906992544,-5.003795721563707,0,CN(C)c1cc[n+](C(=CC(C#N)C#N)C(=O)c2ccccc2)cc1
27.219635984462318,7.291537667537233,1,N#Cc1ccc(Cn2cncc2CNC2CCN(c3cccc4ncccc34)C2=O)cc1
32.26365970400978,-0.18225770174478928,0,CSCCC(NC(=O)CCN1c2ccccc2Sc2ccccc21)C(=O)O
-41.43552763625691,-1.3748078878311285,0,CSCCC(NC(=O)c1ccc(NCc2cn(Cc3ccc(-c4ccccc4)cc3)cn2)cc1-c1ccccc1)C(=O)O
14.655091464287834,5.476199960434444,0,c1ccc(-c2ccc3c(c2)CN(c2nnnn2-c2ccccc2)CCN3Cc2c[nH]cn2)cc1
39.962194285613194,-3.565438672738652,0,CSCCC(NC(=O)CCn1c2ccccc2c2ccccc21)C(=O)O
24.969464745933657,8.22490488104189,1,Cn1cncc1C(OCc1ccc(C#N)cc1C#Cc1ccccn1)c1ccc(C#N)cc1
46.23812522961382,-4.543201136501964,0,O=C(CCn1c2ccccc2c2ccccc21)NC(CS)C(=O)O
-33.62166325560542,-4.906498005160197,1,N#CN=C(NCc1cc[n+]([O-])cc1)N1CCC(=C2c3ccc(Cl)cc3CCc3cc(Br)cnc32)CC1
-46.52786749850886,-3.0329583923436902,1,O=C(Cc1cc[n+]([O-])cc1)N1CCN(C2c3ccc(Cl)c(Br)c3CCc3cc(Br)cnc32)CC1
-0.46238453987570377,16.503811966302912,1,N#Cc1ccc2cc1Oc1ccc(CC(O)CO)c(c1)CN1CCN(CC1=O)Cc1cncn1C2
25.52023226722125,11.849302288100564,0,COC(=O)CCC1(C)C(=O)CCC2C1C(=O)CC1(C)C2CCC12OCOC21COCO1
25.13258379086745,-12.90871783174521,0,Clc1ccc2c(c1)CCc1cccnc1C2N1CCN(CCc2cccnc2)CC1
4.030285357654156,19.64576878167342,0,CC12CCC(=O)c3coc(c31)C(=O)c1cc3c(cc12)C(=O)C1C(=NCCS1(=O)=O)C3=O
-34.24361880238872,-4.031412662478962,1,CSCCC(NC(=O)c1ccc(COCc2ccc(-c3ccc(Cl)cc3)o2)cc1-c1ccccc1C)C(=O)O
-22.62110063169095,5.050445301630359,1,Cn1cncc1C(OCc1c(-c2ccc3c(c2)OC(F)(F)O3)cc(C#N)c(=O)n1C)c1ccc(C#N)cc1
-29.170003860765124,-2.604279416694188,1,Cn1cncc1C(OCc1c(-c2cccc(Cl)c2)cc(C#N)c(=O)n1C)c1ccc(C#N)c(Br)c1
30.220992345325367,-13.138074326297389,0,Clc1ccc2c(c1)C(OCc1ccsc1Cl)C(Cn1ccnc1)S2
6.2453509345644385,4.122628022995132,1,CC1(c2cccc3ccccc23)C(=O)N(CCCn2ccnc2)C(=O)N1Cc1ccc(C#N)cc1
15.455560586254986,-10.476896414798652,0,O=C(NCc1ccccc1)N1CCN(C2c3ccc(Cl)cc3CCc3cccnc32)CC1
5.1516474199681666,-0.5867229956810508,0,CC(C)(C)OC(=O)NCC(=O)N1CCC(=C2c3ccc(Cl)cc3CCc3cccnc32)CC1
47.71894241118658,-7.814677479734587,1,CC(C)(C)c1cccc(Oc2cc(Cn3ccnc3)ccc2C#N)c1
-54.61019327428853,6.940329516628017,1,NS(=O)(=O)N1CCC(CC(=O)N2CCC(C3c4ncc(Br)cc4CCc4cc(Cl)cc(Br)c43)CC2)CC1
9.574841748825362,-7.909075447320933,0,CC(=O)N1CCCC(C(=O)N2CCN(C3c4ccc(Cl)cc4CCc4cccnc43)CC2)C1
-14.831257857824125,3.461828764474942,1,Cn1cncc1C(OCc1c(-c2cc(Cl)ccc2Cl)cc(C#N)c(=O)n1C)c1ccc(C#N)cc1
17.245880403347375,3.9691122128700993,0,CCOC(=O)C(C#N)=CC(C(=O)c1ccc(Br)cc1)[n+]1ccc(N(C)C)cc1
35.39642070721862,1.3942743429604145,0,CCOC(=O)C(C#N)=CC(C(=O)c1ccc(OC)cc1)[n+]1ccc(N(C)C)cc1
33.93042998375769,-0.19640202327484133,0,CN(C)c1cc[n+](C(=CC(C#N)C#N)C(=O)c2ccc(Br)cc2)cc1
-41.09327150037181,-0.3222799735286348,1,CSCCC(=NC(=O)C1CCN(C(=O)CN(Cc2ccccc2)Cc2cncs2)CC1c1ccccc1C)C(=O)O
29.681191426879373,2.373084418877841,1,N#Cc1ccc(Cn2cncc2CNC2CCCCN(Cc3ccccc3)C2=O)cc1
55.1032360065077,-7.381278970583438,0,c1ccc(-c2ccccn2)nc1
-23.35105808880916,-5.636159478875691,1,Cn1cncc1C(C)(O)C1=Cc2cccnc2C(N2CCN(C(=O)OC(C)(C)C)CC2)c2ccc(Cl)cc21
-22.831519054766442,-6.142341440927935,1,Cn1cncc1C(=O)C12CC1c1cccnc1C(N1CCN(C(=O)OC(C)(C)C)CC1)c1ccc(Cl)cc12
45.348182839835964,0.2517607571573597,0,CN(C)c1cc[n+](C(=CC(C#N)C#N)C(=O)c2ccc([N+](=O)[O-])cc2)cc1
50.042874404508055,-7.656599908981203,0,C#CCNC(=O)c1cc(C(=O)c2ccccc2)n2c(C)cccc12
48.8028768048765,-2.9884337971203014,0,CC(C)Sc1sc(C(=O)O)c(-c2ccc(C#N)cc2)c1C#N
33.99077573874475,6.437055167454032,0,COc1cc(C(=O)C(=CC(C#N)C#N)[n+]2cc(C)cc(C)c2)cc(OC)c1OC
26.174438751992327,10.788291132279983,0,CC(C)C(=O)OCC(=O)C1(O)CCC2C3CC=C4CC(=O)CCC4(C)C3C(=O)CC21C
34.28109502000073,-0.18783452202682982,0,N#CC(C#N)=CC(C(=O)N1c2ccccc2Sc2ccccc21)[n+]1ccccc1
31.89805671085966,-8.929197485802826,1,Cc1ccccc1-c1[nH]c2ccccc2c1CC(=O)N(Cc1ccncc1)C(C)C
-0.2687309039987593,-2.011478690730332,1,CC(C)(C)CCc1ccc2cc1CN1CCN(CC1=O)Cc1cncn1Cc1ccc(C#N)c(c1)O2
-45.14520890109116,1.0569699348359656,1,CSCCC(NC(=O)c1ccc(C=Cc2cnccc2C(O)C23CC4CC(CC(C4)C2)C3)cc1-c1ccccc1C)C(=O)O
32.03725889816067,7.608482933214556,0,COc1cc(C(=O)C(=CC(C#N)C#N)[n+]2ccc(N(C)C)cc2)cc(OC)c1OC
28.316507943630764,7.761462414976716,0,N#Cc1ccc(Cn2cncc2CNC2CCN(C(=O)c3ccc[nH]c3=S)C2)cc1
-22.275093186702563,-10.679869721068597,0,CC(C)(C)OC(=O)N1CCC(CC(=O)N2CCN(C3c4ccc(Cl)cc4CCc4cccnc43)CC2)CC1
-18.693962151377377,-9.73765685915271,0,CC1(C)C2CCC1(CS(=O)(=O)N1CCC(=C3c4ccc(Cl)cc4CCc4cccnc43)CC1)C(=O)C2
7.7582597256194745,-11.553335757047613,0,NC(CS)CN1CCN(C2c3ccc(Cl)cc3CCc3cc(Br)cnc32)CC1
-6.471486817039995,5.239978258670931,1,N#Cc1ccc2c(c1)CN(S(=O)(=O)c1cccs1)C(Cc1ccccc1)CN2Cc1ncc[nH]1
-0.5554923278978624,17.09889247735184,1,Cn1cncc1C(OCc1ccc(C#N)cc1C#Cc1ccc([N+](=O)[O-])cc1)c1ccc(C#N)cc1
9.042822673380758,-11.722240936059395,0,CN(C)c1ccc(CC(=O)N2CCN(C3c4ccc(Cl)cc4CCc4cccnc43)CC2)cc1
-25.025857679666682,-12.063133889863131,0,O=C(c1cccc2cccnc12)N1CCN(C2c3ccc(Cl)cc3CCc3cc(Br)cnc32)CC1
13.66430457942301,-10.345474172786659,0,CN1CCC(OC(=O)N2CCN(C3c4ccc(Cl)cc4CCc4cccnc43)CC2)CC1
36.93005008228502,-0.2186146318412821,0,N#Cc1ccc(Cn2cncc2CN2CC(=O)N(c3ccccc3)CC2=O)cc1
2.2798766755479254,-0.21885750293154085,1,Cn1cncc1C(N)(c1ccc(Cl)cc1)c1ccc2[nH]c(=O)cc(-c3cccc(Cl)c3)c2c1
45.586963210317116,-6.785147198807879,0,O=C(O)c1cc(C(=O)c2ccc(Br)cc2)n2ccccc12
5.472904113464161,5.016811429971686,1,Cn1cncc1C(O)(C#Cc1ccc(C#N)cc1)c1ccc(C#N)c(-c2cccc3ccccc23)c1
-32.10592503445982,-1.3431653970627166,1,CSCCC(NC(=O)c1ccc(COCc2ccc(-c3ccc(C=O)cc3)o2)cc1-c1ccccc1C)C(=O)O
48.59858661456334,-2.0080571933398503,0,NC(CS)C(=O)NCc1cccc(-c2cccc(C(=O)O)c2)c1
25.769970425484146,-13.237218702161625,0,Clc1sccc1COC1c2cc3c(cc2SC1Cn1ccnc1)CCCC3
-46.23226460272599,1.2928450608551163,1,Cn1cncc1C(OCc1c(-c2cc(Cl)cc(Cl)c2)cc(C#N)c(=O)n1C)c1ccc(C#N)c(-c2cccc(Cl)c2)c1
45.824655663999884,-2.7803369356970182,0,COc1ccc(C(=O)C(=CC(C#N)C#N)[n+]2ccc(N(C)C)cc2)cc1
7.9274062627123865,8.965752240395231,0,CCC1(c2cccc(Oc3cc(C(=O)c4cncn4C)ccc3C#N)c2)CCCCN(C)C1=O
-0.9191226409346965,17.09709245161748,1,Cn1cncc1C(OCc1ccc(C#N)cc1C=Cc1ccc([N+](=O)[O-])cc1)c1ccc(C#N)cc1
31.299350122752596,-11.320820426990187,1,CC(C)N(Cc1ccncc1)C(=O)Cc1c(-c2ccccc2)n(C)c2ccccc12
-23.613198364913597,3.705336244303539,1,CCOc1cccc(-c2cc(C#N)ccc2CN(Cc2cncn2Cc2ccc(C#N)cc2)S(C)(=O)=O)c1
-21.4285683046085,-2.1871205437448995,1,COc1ccc(S(=O)(=O)N2Cc3cc(C#N)ccc3N(Cc3cncn3C)CC2Cc2ccccc2)cc1
-28.18314133235525,-4.560278127134821,1,CSCCC(NC(=O)c1ccc(COCc2ccc(-c3ccccc3F)o2)cc1-c1ccccc1C)C(=O)O
-27.88010738634994,-6.545915471007234,1,Cn1cncc1C(C)(O)C1=Cc2cccnc2C(N2CCN(C(=O)OC3CCCC3)CC2)c2ccc(Cl)cc21
-7.6289906006148005,-6.58384712809352,1,N#Cc1ccc(Cn2cncc2CNC2Cc3ccccc3CN(Cc3cc(F)cc(F)c3)C2=O)cc1
-6.911505288842721,-6.390926947625993,1,N#Cc1ccc(Cn2cncc2CNC2Cc3ccccc3CN(Cc3cccc(Cl)c3)C2=O)cc1
29.858682227431682,4.518428514790736,0,Cc1cccc(N2CCN(Cc3cncn3Cc3ccc(C#N)cc3)C(=O)C2=O)c1C
-12.49107089387822,-10.412745672940249,1,CCCCCc1ccc(C#CC(O)(c2ccc(C#N)c(-c3cccc4ccccc34)c2)c2cncn2C)cc1
-14.446973786975471,-7.570776689441597,1,Cc1nnc2cc(-c3cccc(Cl)c3)c3cc(C(N)(c4ccc(Cl)cc4)c4cncn4C)ccc3n12
-15.125667163670636,6.714283336426941,0,COc1cccc(-c2cc(NS(C)(=O)=O)ccc2COC(c2ccc(C#N)cc2)c2cncn2C)c1
-55.27795427221554,8.904957294344019,1,O=C(O)CNC(=O)N1CCC(CC(=O)N2CCC(C3c4ncc(Br)cc4CCc4cc(Cl)cc(Br)c43)CC2)CC1
33.88656789008976,-11.25650006601887,0,SCCNCc1cc(-c2cccc3ccccc23)cc(CNCCS)n1
8.89666075643807,11.954022502249302,1,COC(=O)C(CCSC)N(C(=O)c1ccccc1)C1CCN(C(=O)C(N)CS)CC1
9.352066378143927,13.858254937691243,1,N#Cc1c(-c2ccc(Cl)cc2)csc1NCc1cncn1Cc1ccc([N+](=O)[O-])cc1
0.23068061402391252,17.186146459696037,1,Cn1cncc1C(O)(c1ccc(C#N)cc1)c1cc2cc([N+](=O)[O-])cc(-c3ccccc3F)c2o1
49.91118811602971,-2.541481920625637,0,NC(CS)C(=O)Nc1ccc(-c2cccc(C(=O)O)c2)cc1
51.192911842538464,-5.075766770316025,0,NC(CS)CNc1ccc(-c2ccc(C(=O)O)cc2)cc1
-6.647786056725509,1.3993449299243002,1,N#CC1=C(c2cccc3ccccc23)CN(C(=O)Cc2cncn2Cc2ccc(C#N)c(Cl)c2)CC1
2.5648410699582636,8.781773141476895,0,CC(C)CC(NC(=O)c1ccc(NCc2ccccn2)cc1-c1cccc2ccccc12)C(=O)O
-1.6184967959717993,18.150771897082606,1,COc1ccc(-c2cc([N+](=O)[O-])cc3cc(C(O)(c4ccc(C#N)cc4)c4cncn4C)oc23)cc1
0.23167149114688712,17.181045015527303,1,Cn1cncc1C(O)(c1ccc(C#N)cc1)c1cc2cc([N+](=O)[O-])cc(-c3ccc(F)cc3)c2o1
-27.531443531919223,-2.9708522255698595,1,Cn1cncc1C(O)(c1ccc(Cl)cc1)c1cc2cc(C(=O)NN3CCOCC3)cc(-c3ccccc3)c2o1
28.95860450166776,1.4325536132706609,0,CC1CC2C3CC=C4CC(=O)C=CC4(C)C3C(=O)CC2(C)C12OCOC21COCO1
23.932732408593232,-14.086781882914075,0,CC(C)=CCCC(C)C1CCC2(C)C3=C(CCC12C)C1(C)CCC(=O)C(C)(C)C1CC3
0.5571803059653453,19.45752893548466,0,CC12CCC(=O)C=C1CCC1C2C(=O)CC2(C)C1CCC2(O)C(=O)COC(=O)CCC(=O)O
21.735912548266217,-10.614038763121266,0,O=C(Cc1ccccn1)N1CCC(=C2c3ccc(Cl)cc3CCc3cccnc32)CC1
39.32522301011366,-2.166953422101422,0,CCOC(=O)c1cc(C(=O)C=Cc2ccc(C#N)cc2)n2ccc(OC)cc12
30.988916869781814,10.787115004292641,0,CC12CCC(=O)c3coc(c31)C(=O)c1cc3c(O)ccc(OS(=O)(=O)O)c3cc12
22.74978149666925,-13.68265247694304,0,Clc1ccc2c(c1)SC(Cn1ccnc1)C2OCc1cc(Cl)sc1Cl
-37.68332617962905,-0.30558517616688297,1,Cn1cncc1C(C)(O)C1=Cc2cccnc2C(N2CCN(C(=O)Nc3ccc(C#N)cc3)CC2)c2ccc(Cl)cc21
6.330658720462631,2.9712280622760248,0,COC(=O)C(CCSC)N(C(=O)c1ccccc1)C1CCN(C(=O)C2CSCN2)CC1
0.23068083890419455,17.186144776315057,1,Cn1cncc1C(O)(c1ccc(C#N)cc1)c1cc2cc([N+](=O)[O-])cc(-c3cccc(F)c3)c2o1
40.22688002699831,-5.724670556149747,1,N#Cc1ccc(Cn2ccnc2)cc1Oc1cccc(Oc2ccccc2)c1
-11.17327439465278,-3.8013881454873535,0,O=C(CCN1c2ccccc2Sc2ccccc21)NCc1cn(CC(=O)c2ccc(Cl)cc2)nn1
23.22744248717586,5.4203267958030565,0,COC(=O)C(CCSC)N(C(=O)c1ccccc1)C1CCN(Cc2c[nH]cn2)CC1
-46.46820998304565,-3.7170295812316185,1,O=C(Cc1cc[n+]([O-])cc1)N1CCC(=C2c3ncc(Br)cc3CCc3cc(Cl)cc(Br)c32)CC1
-8.559620604185797,-10.394389382207507,1,Cn1cncc1C(O)(c1ccc(Cl)cc1)c1cc2c3c(c1)c(-c1cccc(Cl)c1)cc(=O)n3CC2
25.138609472136917,7.541491014695658,1,Cc1ccccc1-c1cc(C(O)(C#Cc2ccc(C#N)cc2)c2cncn2C)ccc1C#N
-11.10834314016642,-3.0803022177708463,1,Cn1cncc1CN1CC(N(Cc2ccsc2)S(=O)(=O)c2ccccc2)Cc2cc(C#N)ccc21
-51.74589061666904,7.72785062915361,1,CCC(C)C(CN(CC(=O)NC(CCSC)C(=O)O)Cc1cccc2ccccc12)NC(=O)Cc1cncn1Cc1ccc(F)cc1
15.417304263573252,-9.388769589080146,0,CN(C(=O)N1CCN(C2c3ccc(Cl)cc3CCc3cccnc32)CC1)c1cccnc1
27.01105642833643,-12.582513724881096,0,O=C(Cc1ccncc1)N1CCC(=C2c3ccccc3CSc3ccccc32)CC1
-51.66704482614018,10.459928119679208,1,CCC(C)C(CN(CC(=O)NC(CCSC)C(=O)O)Cc1cccc2ccccc12)NC(=O)Cc1cncn1Cc1ccc([N+](=O)[O-])cc1
0.657792737438098,2.7597388021690787,1,COc1cccc(N2Cc3ccccc3CC(NCc3cncn3Cc3ccc(C#N)cc3)C2=O)c1
-45.023351657702726,-1.2717494973718333,0,N#Cc1ccc(Cn2cncc2CN2CCN(c3cccc(Cl)c3)C(=O)C2)cc1Oc1ccc(OCc2ccccc2)cc1
-49.59248279011479,7.789103327275814,1,CCC(C)C(CN(CC(=O)NC(CCSC)C(=O)O)Cc1cccc2ccccc12)NC(=O)Cc1cncn1Cc1ccncc1
-28.288314651642068,-6.691095398493998,1,CCC(O)(C1=Cc2cccnc2C(N2CCN(C(=O)OC(C)(C)C)CC2)c2ccc(Cl)cc21)c1cncn1C
-28.42901861578385,-8.254785601618957,1,N#CN=C(NCC1CCNCC1)N1CCC(=C2c3ccc(Cl)cc3CCc3cc(Br)cnc32)CC1
-9.827555025215343,-8.229774489661658,1,Cn1cncc1C(O)(c1ccc(Cl)cc1)c1cc2c3c(c1)c(-c1cccc(Cl)c1)cc(=O)n3CO2
-23.58515442253249,-11.10348353274472,1,O=C(Cc1cc[n+]([O-])cc1)N1CCN(C2c3ncc(Br)cc3CCc3cc(Cl)cc(F)c32)CC1
44.05698737777509,-7.654162333305269,1,N#Cc1ccc(Cn2ccnc2)cc1Oc1cccc(-c2ccccc2)c1
-31.081520988133402,-1.5510667342386701,0,Cc1cccc(NS(=O)(=O)c2cccc(NC(=O)CCNC(=O)C=Cc3ccc(-c4ccccc4)cc3)c2)c1C
47.05818899533578,-5.999244304989898,0,O=C(c1cn(Cc2c[nH]cn2)cc1-c1ccccc1)N1CCOCC1
7.145557159016805,9.096370547031587,1,Cn1cncc1C(O)(CN1CCC(C#N)=C(c2cccc3ccccc23)C1)c1ccc(C#N)cc1
11.081673561600962,-4.466476832105363,1,Cn1cncc1C(O)(C#Cc1ccc(Cl)cc1-c1cccc(Cl)c1)c1ccc(C#N)cc1
-23.4457996357569,-5.048493698861122,1,Cn1cncc1C(C)(O)C1=Cc2cccnc2C(N2CCN(C(=O)NC(C)(C)C)CC2)c2ccc(Cl)cc21
8.85818548313078,-12.217931407412443,0,CC(C)N(Cc1ccncc1)C(=O)Cc1cn(Cc2ccc(Br)cc2)c2ccccc12
54.09734372129358,-7.346686143258856,0,CC(C)=CCCC1=CCc2c(O)oc(O)c2C1
-22.189628484961876,-7.445154927471568,1,N#Cc1ccc(Cn2cncc2CN(CCN2CCOCC2)C2CCN(Cc3cccc(Cl)c3)C2=O)cc1
-37.64588289097754,-1.2049132343205975,1,N#Cc1ccc2cc1Oc1ccc(C(=O)NC3C4CC5CC(C4)CC3C5)c(c1)CN1CCN(CC1=O)Cc1cncn1C2
-54.82611572709303,9.185082538853113,1,NC(=O)CNC(=O)N1CCC(CC(=O)N2CCC(C3c4ncc(Br)cc4CCc4cc(Cl)cc(Br)c43)CC2)CC1
-20.34438214789505,-1.5424416504368221,0,CS(=O)(=O)Nc1cnc2c(c1)CCc1cc(Cl)ccc1C2=C1CCN(C(=O)Cc2ccncc2)CC1
2.418809789406527,-1.047896604004012,1,Cc1ccccc1CN1Cc2ccccc2CC(NCc2cncn2Cc2ccc(C#N)cc2)C1=O
-26.246744079305195,4.560598925151973,1,CSCCC(NC(=O)c1ccc(NCc2cncn2Cc2ccc(C#N)cc2)cc1-c1ccccc1)C(=O)O
10.911128113695707,-3.754235366278851,0,O=C(c1cccc2ccccc12)N1CCN(Cc2c[nH]cn2)c2ccc(-c3ccncc3)cc2C1
-15.413024937347869,3.553574915990185,1,Cn1cncc1C(OCc1c(-c2cc(Cl)cc(Cl)c2)cc(C#N)c(=O)n1C)c1ccc(C#N)cc1
-22.07723201894707,3.0567101646222916,1,Cn1cncc1C(OCc1c(-c2ccc(OC(F)(F)F)cc2)cc(C#N)c(=O)n1C)c1ccc(C#N)cc1
8.077228152981997,12.954974065713808,1,Cn1cncc1C(OCc1c(-c2cccc(F)c2)cc(C#N)c(=O)n1C)c1ccc(C#N)cc1
-27.198056790031128,6.37757560169691,0,CCCCC(C)=CC(C)=CC(C)C(=O)NC1=CC(O)(C=CC=CCCC(=O)N=C2C(=O)CCC2=O)C2OC2C1=O
-29.183781729360437,-0.7344455790209359,1,CC1(c2cccc3ccccc23)C(=O)N(CCCn2ccnc2)C(=O)N1Cc1cccc(CNS(C)(=O)=O)c1
4.349592068088166,4.0541980982007075,1,CC1(c2cccc3ccccc23)C(=O)N(CCCn2ccnc2)C(=O)N1Cc1ccc(CN)cc1
-13.204361733998484,3.6849683826877078,1,Cn1cncc1C(O)(C#Cc1ccc(C#N)cc1-c1cccc(OC(F)(F)F)c1)c1ccc(C#N)cc1
-11.428744679080783,-12.78054835776563,0,O=C(Cc1ccc(Br)cc1)N1CCN(C2c3ccc(Cl)cc3CCc3cccnc32)CC1
30.282238342942787,-12.779637295207479,0,Clc1cccc2c1SC(Cn1ccnc1)C2OCc1ccsc1Cl
50.38643913001601,-6.806625516257157,0,Cc1cccc2c(C(=O)O)cc(C(=O)c3ccc(Cl)cc3)n12
2.758109880408083,18.605511128063146,0,CCOC(=O)c1c(C)oc2c1cc(NS(=O)(=O)c1ccc(C(=O)O)cc1)c1ccccc12
9.185273388058437,13.385893702681795,1,CN(C)S(=O)(=O)N1Cc2cc(C#N)ccc2N(Cc2c[nH]cn2)CC1Cc1ccccc1
4.520197262501903,18.96311763456721,0,Cc1[nH]cnc1CN1CCN(C(=O)NC(CC(C)C)C(=O)O)C(Cc2ccccc2)C1=O
13.715346415528138,3.4383157994829787,0,O=C(Nc1ccc[n+]([O-])c1)N1CCN(C2c3ccc(Cl)cc3CCc3cccnc32)CC1
-36.9666114803553,1.892851355266298,1,CSCCC(NC(=O)c1ccc(COCc2ccc(-c3cccc([N+](=O)[O-])c3)o2)cc1-c1ccccc1C)C(=O)O
19.112792494366705,-6.681682756236511,1,Cn1cncc1C(O)(C#Cc1ccccc1)c1ccc(C#N)c(-c2cccc3ccccc23)c1
-28.42579116095819,-0.8964223798145233,1,CC(C)(C)OC(=O)NCCCN(Cc1cncn1Cc1ccc(C#N)cc1)C1CCN(Cc2ccccc2)C1=O
-13.927706837992819,-8.317115261855202,0,CC(C(=O)N1CCC(=C2c3ccc(Cl)cc3CCc3cccnc32)CC1)N1C(=O)c2ccccc2C1=O
-11.214911777689146,-11.717362358093128,0,O=C1CN(Cc2cncn2Cc2cccc(Oc3ccccc3)c2)CCN1c1ccc(C(F)(F)F)cc1
-15.357375948218857,3.8321492393579524,1,Cn1cncc1C(OCc1c(-c2cccc(Cl)c2Cl)cc(C#N)c(=O)n1C)c1ccc(C#N)cc1
51.66096358809534,-8.703796207789848,0,O=C(CCn1c2ccccc2c2ccccc21)OCCS
51.182997769771646,-7.872896316780659,0,C#CCOC(=O)c1cc(C(=O)c2ccccc2)n2ccccc12
43.611897623789446,-8.285792403299677,0,C#CCOC(=O)c1cc(C(=O)c2ccc(Cl)cc2)n2c(C)cccc12
-14.469912627527165,7.311827744238347,1,Cn1cncc1CN1CC(N(Cc2ccccn2)S(=O)(=O)c2ccccn2)Cc2cc(C#N)ccc21
-26.89506946314045,6.193131907756939,1,Cn1cnc(S(=O)(=O)N(Cc2ccc(C(=O)O)cc2)C2Cc3cc(C#N)ccc3N(Cc3cncn3C)C2)c1
34.139294299790734,7.503724510397249,0,CN(C)c1cc[n+](C(=CC(C#N)C#N)C(=O)c2ccc3c(c2)NC(=O)CO3)cc1
-49.16386967627258,5.599684490748923,1,CCC(C)C(CN(CC(=O)NC(CCSC)C(=O)O)Cc1cccc2ccccc12)NC(=O)CSCc1ccc(OC)cc1
25.029656934495677,6.502534437668336,0,CC(=O)OC1CCC2(C)C3Cc4c(O)cc5c(c4OC3(C)CCC2C1(C)C)COC5=O
-13.079693267785645,5.081073202484462,1,CN1CCCCC(CC2CC2)(c2cccc(Oc3cc(C(C)(N)c4cncn4C)ccc3C#N)c2)C1=O
52.817237890642424,-7.597787490987493,0,O=C(Cc1ccccc1)C(=O)Cc1c[nH]c2ccccc12
4.004443858688698,4.586413677274456,0,COC(=O)c1ccc(COC(c2ccc(C#N)cc2)c2cncn2C)c(-c2cccc(OC)c2)c1
49.48114732489903,-1.0968723853554982,0,COc1cc(O)c(Oc2cc(C)cc(O)c2C(=O)O)c(CO)c1
47.41053501044716,-4.474161693653463,0,CN(C)c1cc[n+](C(=CC(C#N)C#N)C(=O)c2ccc(F)cc2)cc1
-33.14442684834569,-5.4117549995908005,1,Cn1cncc1C(C)(O)C1=Cc2cccnc2C(N2CCN(C(=O)NC3CCCCC3)CC2)c2ccc(Cl)cc21
11.270340662268577,3.1614604380022158,0,CC(=NNC(=O)CCN1c2ccccc2Sc2ccccc21)C1C(=O)c2ccccc2C1=O
23.62889597684493,4.800046198957983,0,N#Cc1ccc(Cn2cnc(CNc3scc(-c4ccc(Cl)cc4)c3C#N)c2)cc1
6.82310011427058,1.2150160494241944,1,N#Cc1ccc(Cn2cncc2CNC2Cc3ccccc3CN(c3cccc(F)c3)C2=O)cc1
46.56637467191522,-7.927268225199305,0,C#CCNC(=O)c1cc(C(=O)c2ccc(Cl)cc2)n2ccccc12
-0.5977417041237943,-9.81753126841402,0,CC(=O)N1CCC(CC(=O)N2CCN(C3c4ccc(Cl)cc4CCc4cccnc43)CC2)CC1
-42.212680077392214,-0.808078543443806,1,Cn1cncc1C(OCc1c(-c2cccc(Cl)c2)cc(C#N)c(=O)n1C)c1ccc(C#N)c(I)c1
-54.569343794875415,8.282568055126712,1,CCC(C)C(CN(CC(=O)NC(CCSC)C(=O)O)Cc1cccc2ccccc12)NC(=O)CSCc1ccc(-c2ccccc2)cc1
27.080850726001497,-8.366127972879367,0,CN(C)S(=O)(=O)N1CCC(=C2c3ccc(Cl)cc3CCc3cccnc32)CC1
-41.502256769607754,0.9325608232463176,1,CSCCC(=NC(=O)C1CCN(C(=O)OC(CCC2CCCCC2)c2cncs2)CC1c1ccccc1C)C(=O)O
-37.623418535088064,-1.9798358732332852,0,O=C(C(Cc1c[nH]cn1)N1C(=O)c2ccccc2C1=O)N1CCC(=C2c3ccc(Cl)cc3CCc3cccnc32)CC1
26.505644566652595,3.4365427958709374,1,CCCC=CC=Cc1cc(C#N)ccc1COC(c1ccc(C#N)cc1)c1cncn1C
0.46723141939317625,2.32676455354596,1,Cn1cnnc1C(O)(c1ccc(Cl)cc1)c1ccc2[nH]c(=O)cc(-c3cccc(Cl)c3)c2c1
30.162015045825335,2.3594256460843135,1,Cn1cncc1C(OCc1ccc(C#N)cc1CCC(C)(C)C)c1ccc(C#N)cc1
31.847908040339828,1.1901862826464504,1,N#Cc1ccc(Cn2cncc2CNC2CCN(c3cccc(Cl)c3)C2=O)cc1
-33.15424906308314,-5.853810287606968,1,Cn1cncc1C(C)(O)C1=Cc2cccnc2C(N2CCN(C(=O)OC3CCCCC3)CC2)c2ccc(Cl)cc21
-28.38441996977316,-6.853211802465774,1,Cn1cncc1C(C)(O)C12CC1c1cccnc1C(N1CCN(C(=O)OC(C)(C)C)CC1)c1ccc(Cl)cc12
48.07046222423801,-1.1519395633177882,0,CC(C)Sc1sc(C(=O)O)c(-c2ccc(O)c(O)c2)c1C#N
47.77831865364782,-4.950601922234425,0,COc1ccc(-c2c(C(=O)O)sc(SC(C)C)c2C#N)cc1
6.468727263186863,1.9611957772827233,0,O=C(Cc1ccc[n+]([O-])c1)N1CCN(C2c3ccc(Cl)cc3CCc3ccc[n+]([O-])c32)CC1
39.11657525768345,-3.6272723357037178,0,O=C(CCN1c2ccccc2Sc2ccccc21)NC(CS)C(=O)O
40.5471088273323,-2.884090268612033,0,O=S(=O)(c1cccc(NCc2c[nH]cn2)c1)N1CCCc2ccccc21
-8.5666273592224,-6.654392876893216,1,Cn1cncc1C(N)(c1ccc(Cl)cc1)c1ccc2c(c1)c(-c1cccc(Cl)c1)nc1nccn12
-43.27460797866548,-1.4789300638038476,1,CSCCC(NC(=O)c1ccc(COCc2ccc(-c3ccc(C(F)(F)F)cc3)o2)cc1-c1ccccc1C)C(=O)O
-1.2424370201292199,19.689072373357924,1,Cn1cncc1C(O)(c1ccc(C#N)cc1)c1cc2cc([N+](=O)[O-])cc(-c3cccc(C#N)c3)c2o1
-46.38447416512546,-3.579158392346353,1,O=C(Cc1cc[n+]([O-])cc1)N1CCC(C2c3ncc(Br)cc3C=Cc3cc(Cl)cc(Br)c32)CC1
-10.148133203402988,-1.1185693195868212,0,N#Cc1ccc(Cn2cncc2CN2CCN(c3cccc(Cl)c3)C(=O)C2)cc1Oc1cccnc1
-51.50493129769181,2.222914785066482,1,NC(=O)N1CCC(CC(=O)N2CCN(C3c4ncc(Br)cc4CCc4cc(Cl)cc(Br)c43)CC2)CC1
-36.529556005965986,-0.5333301658895458,1,Cn1cncc1C(OCc1ccc(C#N)c(NCC2CCCO2)n1)c1ccc(C#N)c(-c2ccccc2C(F)(F)F)c1
2.2837511772259966,13.152176024939136,1,COc1cccc(-c2cc(CO)cc3cc(C(O)(c4ccc(C#N)cc4)c4cncn4C)oc23)c1
3.4312676278304304,18.389600536356053,1,Cn1cncc1C(O)(c1ccc(C#N)cc1)c1cc2cc([N+](=O)[O-])cc(-c3ccccc3)c2o1
30.666672511610013,-8.797542808154622,0,CCS(=O)(=O)N1CCC(=C2c3ccc(Cl)cc3CCc3cccnc32)CC1
-13.471348349739117,-1.9456016899096866,1,Cc1nnc(CN(Cc2ccc(F)cc2F)C(=O)c2ccc3ccccc3n2)n1Cc1ccc(C#N)cc1
6.294467906480942,11.693582947571043,1,CCOc1cccc(-c2cc(C#N)ccc2C#CC(O)c2cncn2Cc2ccc(C#N)cc2)c1
-34.08857496036194,-4.912606731982804,1,Cn1cncc1CN(Cc1ccc(C#N)c(Br)c1)C(=O)N1CCC(C#N)=C(c2cccc3ccccc23)C1
11.221109366608479,13.758679042479448,1,COc1cccc(-c2cc(C#N)ccc2C#CC(O)c2cncn2Cc2ccc(C#N)cc2)c1
-54.31919601516183,2.583164469700519,1,CNC(=O)N1CCC(CC(=O)N2CCC(C3c4ncc(Br)cc4CCc4cc(Cl)cc(Br)c43)CC2)CC1
38.240338815706,-3.8555154265044145,1,N#Cc1ccc(Cn2ccnc2)cc1Oc1cccc(C(=O)c2ccccc2)c1
-43.479720208566654,-1.3333573287309235,1,CSCCC(NC(=O)c1ccc(COCc2ccc(-c3cccc(C(F)(F)F)c3)o2)cc1-c1ccccc1C)C(=O)O
9.25583884460579,1.949843461429474,1,CC(C)(C)c1ccc(-c2cc(C#N)ccc2COCc2cncn2Cc2ccc(C#N)cc2)cc1
-18.36511665512218,0.3376034434418033,1,CC1(c2cccc3ccccc23)C(=O)N(CCCn2ccnc2)C(=O)N1Cc1ccc(S(C)(=O)=O)cc1
-19.286263749482668,-3.549658385950991,1,Cn1cncc1C(O)C1=Cc2cccnc2C(N2CCN(C(=O)OC(C)(C)C)CC2)c2ccc(Cl)cc21
16.05933336014067,-10.105794323342623,0,O=C(C=Cc1cccnc1)N1CCN(C2c3ccc(Cl)cc3CCc3cccnc32)CC1
-5.593411979130709,-8.668215637358037,1,C=C(C(=O)N1CC2C3(c4ccc(C)cc4)CCC(c4ccccc43)C2(C(=O)O)C1)c1ccccc1OC
53.64885532257282,-7.288714809318053,0,O=C(Cc1ccccc1)C(=O)Cc1ccc(O)cc1
28.646758049120475,10.878783879141276,0,CC1(CCC(=O)O)C(=O)CCC2C1C(=O)CC1(C)C2CCC12OCOC21COCO1
33.39724560126391,-9.09612877680078,0,N#Cc1ccc(Cn2cncc2CN2CCN(c3cccc(Cl)c3)CC2)cc1
-10.932557609500035,-5.9142179716354795,1,CN1C(=O)CN=C(c2cccc(Cl)c2)c2cc(C(N)(c3ccc(Cl)cc3)c3cncn3C)ccc21
-25.711986008638814,-11.751269648280909,1,O=C(c1cn(Cc2cncn2Cc2ccc(Br)cc2)cc1-c1cccc2ccccc12)N1CCOCC1
-16.678774489474996,3.6908739056094837,1,Cn1cnc(S(=O)(=O)N(Cc2ccsc2)C2Cc3cc(C#N)ccc3N(Cc3cncn3C)C2)c1
-27.256678714120145,-7.041893112518726,0,O=C(CCN1c2ccccc2Sc2ccccc21)NCc1cn(CC(=O)c2ccc(Br)cc2)nn1
-15.35953813834663,3.8329780383528513,1,Cn1cncc1C(OCc1c(-c2ccc(Cl)c(Cl)c2)cc(C#N)c(=O)n1C)c1ccc(C#N)cc1
36.933206041557526,-0.21355126602778468,0,N#Cc1ccc(Cn2cncc2CN2CCN(c3ccccc3)C(=O)C2=O)cc1
27.800566480475915,-12.531632128570294,0,CC(C)(C)CC(=O)N1CCC(=C2c3ccc(Cl)cc3CCc3cccnc32)CC1
-8.15527173127291,-4.2369295318065125,1,CSCCC(NC(=O)c1ccc(C=Cc2cncc3ccccc23)cc1-c1ccccc1C)C(=O)O
35.8369632451588,-8.334577310273197,0,O=C(c1cccc2ccccc12)N1CCN(Cc2c[nH]cn2)Cc2ccccc21
-57.83763326373861,7.673598910079906,1,O=C(CC1CCN(C(=O)Cn2cccc2)CC1)N1CCC(C2c3ncc(Br)cc3CCc3cc(Cl)cc(Br)c32)CC1
49.991681258890985,-3.563655595471217,0,CC(C)Sc1sc(C(=O)O)c(-c2ccc(O)cc2)c1C#N
47.77831868668267,-4.95060191164019,0,COc1cccc(-c2c(C(=O)O)sc(SC(C)C)c2C#N)c1
49.72509827578959,-3.6971083713429524,0,CC(C)Sc1sc(C(=O)O)c(-c2cccc(O)c2)c1C#N
48.80287680486109,-2.988433797121365,0,CC(C)Sc1sc(C(=O)O)c(-c2cccc(C#N)c2)c1C#N
32.02044118755297,-9.43595754691133,0,CC(C)CN(Cc1ccncc1)C(=O)Cc1c(-c2ccccc2)[nH]c2ccccc12
-15.001808087216498,2.8133329821437307,1,Cn1cncc1CN1CC(N(Cc2ccsc2)S(=O)(=O)c2cccnc2)Cc2cc(C#N)ccc21
-24.745613439674397,5.667911946436003,1,Cn1cnc(S(=O)(=O)N(CC(=O)OC(C)(C)C)C2Cc3cc(C#N)ccc3N(Cc3cncn3C)C2)c1
31.80212054557129,6.140587506633963,1,Cn1cncc1CN1CC(NS(=O)(=O)c2ccccc2)Cc2cc(C#N)ccc21
0.041691467439269825,4.674410388621016,1,COc1ccncc1C=Cc1ccc(C(=O)NC(CCSC)C(=O)O)c(-c2ccccc2C)c1
11.771192767092577,3.416414192264257,0,N#CN=C(N)N1CCC(=C2c3ccc(Cl)cc3CCc3cc(Br)cnc32)CC1
16.91683564457266,-6.163824301386018,0,O=C(Cc1ccc[n+]([O-])c1)N1CCN(C2c3ccc(Cl)cc3C=Cc3cccnc32)CC1
50.86554986079001,-9.14776215177503,0,Clc1ccc2c(c1)CCc1cccnc1C2N1CCNCC1
-5.861936119929046,7.1199342190739925,1,CCCC1(c2cccc(Oc3cc(C(C)(N)c4cncn4C)ccc3C#N)c2)CCCCN(C)C1=O
39.26282965600878,-3.9967493521863746,0,COc1ccccc1-c1[nH]c2ccccc2c1CC(=O)N(CCC#N)C1CC1
-1.259431741516156,20.09231169910978,0,CSCCC(NC(=O)c1ccc(NC(=O)Cc2csc(N)n2)cc1-c1ccoc1)C(=O)O
21.412553428249456,-9.61098881900119,0,CCCCS(=O)(=O)N1CCC(=C2c3ccc(Cl)cc3CCc3cccnc32)CC1
7.965784298396989,7.91472470233238,1,N#CC1=C(c2cccc3ccccc23)CN(C(=O)Cc2cncn2Cc2ccc(C#N)cc2)CC1
8.325861812865186,15.529839934313278,0,Cn1cncc1C(OCc1ccc(C#N)cc1C(=O)Nc1ccccc1)c1ccc(C#N)cc1
-57.99841270421675,8.675799480412767,1,O=C(CC1CCN(CC(=O)N2CCOCC2)CC1)N1CCC(C2c3ncc(Br)cc3CCc3cc(Cl)cc(Br)c32)CC1
0.368924018233062,4.059965577718025,1,N#Cc1ccc(Cn2cnnc2CN(Cc2ccc(F)cc2)C(=O)c2ccc3ccccc3n2)cc1
13.856134885780106,-9.279037915457222,0,C=C1CC2C3=CC(Cl)=C4CC(=O)C(Br)CC4(C)C3CCC2(C)C1(O)C(C)=O
-12.407015787191696,4.032332195131144,0,CSCCC(NC(=O)c1ccc(OCC2COc3ccccc3O2)cc1-c1ccsc1)C(=O)O
2.0547205612176582,2.4796949715342236,1,CS(=O)(=O)N1Cc2cc(-c3ccccc3)ccc2N(Cc2c[nH]cn2)CC1Cc1cccnc1
-46.85509469371159,-2.967146993242146,1,O=C(Cc1cc[n+]([O-])cc1)N1CCN(C2c3ncc(Br)cc3CCc3cc(Cl)cc(Br)c32)CC1
30.203533463880397,3.4389275490079405,0,CC1=NN(c2ccccc2)C(=O)C1=Cc1ccccc1OCc1ccc(C(=O)O)cc1
33.4051825458782,0.44652590339049836,0,CCOC(=O)C(C#N)=CC(C(=O)c1ccc(Cl)cc1)[n+]1ccc(N(C)C)cc1
37.751607780749076,-1.9018214775971818,0,CCOC(=O)C(C#N)=CC(C(=O)c1ccc(F)cc1)[n+]1ccc(N(C)C)cc1
-37.61500322366155,1.102048256342784,1,Cc1onc(-c2ccccc2)c1CN(C1Cc2cc(C#N)ccc2N(Cc2cncn2C)C1)S(=O)(=O)c1ccccn1
38.455242456290506,-2.6003844807326235,0,CCOC(=O)C(C#N)=CC(C(=O)c1ccc(C)cc1)[n+]1ccc(N(C)C)cc1
12.50432897477581,1.2758141735871569,1,COc1cccc(-c2cc(Cl)ccc2C#CC(O)(c2ccc(C#N)cc2)c2cncn2C)c1
0.558002814893435,12.150876595611035,1,CSCCC(NC(=O)c1ccc(C(C#N)=Cc2cccnc2)cc1-c1ccccc1C)C(=O)O
-29.98736580515605,-2.6821879414434853,1,CSCCC(NC(=O)c1ccc(C=Cc2cnccc2C(=O)c2ccccc2)cc1-c1ccccc1C)C(=O)O
-54.74150647789985,4.358794010214067,1,O=C(NCc1cccnc1)C1CN(C2c3ccc(Cl)cc3CCc3cc(Br)cnc32)CCN1C(=O)CCC1CCCCC1
13.296635228105654,9.69226802806474,1,CCSc1ncccc1C(=O)N1CCC(NCc2cncn2Cc2ccc(C#N)cc2)C1
33.41431467044568,-9.608028753166248,0,CN(C)CCOC(=O)N1CCC(=C2c3ccccc3CCc3cccnc32)CC1
20.40498760025024,3.87623844971944,1,N#Cc1ccc(Cn2cncc2CNC2CCN(C(=O)c3cccc4ccccc34)C2)cc1
-11.364520498884328,-12.789935711616469,0,O=C(C(c1ccccc1)c1ccccc1)N1CCN(C2c3ccc(Cl)cc3CCc3cccnc32)CC1
10.951138067560954,-3.4289194460237895,0,CC(S)C(=O)NCC(=O)N1CCN(C2c3ccc(Cl)cc3CCc3cccnc32)CC1
-1.3862902947563611,16.574501096247264,1,Cn1cncc1C(OCc1c(-c2ccc3c(c2)OCO3)cc(C#N)c(=O)n1C)c1ccc(C#N)cc1
-20.507640547903982,-9.502586342866948,1,CC1(c2cccc3ccccc23)C(=O)N(CCCn2ccnc2)C(=O)N1Cc1ccc(Oc2ccccc2)cc1
-49.322128147991954,6.143794249287567,1,O=C(O)CCCC(=O)N1CCN(C2c3ccc(Cl)cc3CCc3cc(Br)cnc32)CC1C(=O)NCc1cccnc1
-6.054143598281927,5.963776802435548,1,COC1=C(C#N)CCN(C(=O)Cc2cncn2Cc2ccc(C#N)c(-c3cccc4ccccc34)c2)C1
-34.154850487225694,-2.1507900927835966,0,Cn1cnc(S(=O)(=O)N(CCN(Cc2cncn2C)c2ccc(C#N)cc2)Cc2ccc(-c3ccccc3)cc2)c1
-33.918357525089505,-1.6533002837451134,0,Cn1cnc(S(=O)(=O)N(CCN(Cc2cncn2C)c2ccc(C(=O)OC(C)(C)C)cc2)Cc2ccccc2)c1
47.95655807510362,-2.4996681084579624,0,COc1ccc(C(=O)C(=CC(C#N)C#N)[n+]2ccc(OC)cc2)cc1
-50.160996193293485,3.5200584389559895,1,CC(=O)CCCC(=O)N1CCN(C2c3ccc(Cl)cc3CCc3cc(Br)cnc32)CC1C(=O)NCc1cccnc1
20.248687998320555,-6.860632266254979,0,O=C(Nc1cccnc1)N1CCN(C2c3ccc(Cl)cc3CCc3cccnc32)CC1
-6.732857038220458,-9.06502846980506,0,COC(=O)N1CCCC(CC(=O)N2CCN(C3c4ccc(Cl)cc4CCc4cccnc43)CC2)C1
1.3184516975897906,10.446535348977623,1,Cn1cncc1C(OCc1c(-c2cccc(Cl)c2)cc(C#N)c(=O)n1C)c1ccc(C#N)cc1
-0.8810160581411621,1.7884625160725196,0,N#CN=C(Nc1ccc(Cl)cc1)N1CCN(Cc2c[nH]cn2)c2ccc(-c3ccccc3)cc2C1
-1.1426314764635292,18.199882358975536,1,COc1cccc(-c2cc(C(N)=O)cc3cc(C(O)(c4ccc(C#N)cc4)c4cncn4C)oc23)c1
26.40570280591989,11.11880603109217,1,Cn1cncc1C(O)(c1ccc(C#N)cc1)c1cc2cc(C#N)cc(-c3ccccc3)c2o1
-32.898680595883356,-2.442211251059846,1,COc1ccc(-c2ccc(COCc3ccc(C(=O)NC(CCSC)C(=O)O)c(-c4ccccc4C)c3)o2)cc1
-0.42374867643034986,5.367410574117513,1,N#Cc1ccc(Cn2cncc2CN(CCCN)C2CCN(Cc3cccc(Cl)c3)C2=O)cc1
-19.28062490234216,-3.570580356346509,1,CC(C)OC(=O)N1CCN(C2c3ccc(Cl)cc3C(C(C)(O)c3cncn3C)=Cc3cccnc32)CC1
-55.76081335249225,4.7726469424674,1,CS(=O)(=O)N1CCC(CC(=O)N2CCC(C3c4ncc(Br)cc4CCc4cc(Cl)cc(Br)c43)CC2)CC1
27.35093610590722,3.109724288182939,1,N#Cc1ccc(Cn2cncc2CNC2CCN(Cc3cccc(Cl)c3)C2=O)cc1
17.7069590481232,-6.54176576073046,0,COc1cccc(-c2cc(C#N)ccc2COC(c2ccc(Cl)cc2)c2cncn2C)c1
10.698132135475664,-8.21265763116646,0,O=C(N1CCN(Cc2c[nH]cn2)c2ccc(-c3ccccc3)cc2C1)N1CCCc2ccccc21
-24.61551544364108,0.6933920471603506,1,CSCCC(NC(=O)c1ccc(COCc2ccc(-c3ccncc3)o2)cc1-c1ccccc1C)C(=O)O
-6.180480930561292,-7.773338043699224,0,O=S(=O)(c1cccc2ccccc12)N1CCN(Cc2c[nH]cn2)c2ccc(-c3ccccc3)cc2C1
53.31946470717358,-7.083746651027798,0,O=C(O)c1cc(C(=O)c2ccccc2)n2ccccc12
-14.744515057775176,-10.75762679526632,1,Cn1cncc1C(O)(c1ccc(Cl)cc1)c1cc2c3c(c1)c(-c1cccc(Cl)c1)cc(=O)n3CCC2
51.27129662555582,-7.519858638999127,0,C#CCNC(=O)c1cc(C(=O)c2ccccc2)n2ccccc12
17.0526243475578,-6.734895902901548,0,O=C(Cc1ccncc1)N1CCC(=C2c3ccc(Cl)cc3CCc3ccc[n+]([O-])c32)CC1
-26.915624456848487,-1.3524319188903058,0,O=C(c1cccc2ccccc12)N1CCN(Cc2c[nH]cn2)c2cc(NS(=O)(=O)c3ccccc3)ccc2C1
16.65644572067812,-6.063575272473579,0,O=C(Cc1ccc[n+]([O-])c1)N1CCN(C2c3ccc(Cl)cc3CCc3cccnc32)CC1
0.4624747938828802,-2.006324265432851,1,N#Cc1ccc(Cn2cncc2CNC2C(=O)N(c3cccc(Cl)c3)CCc3ccccc32)cc1
-3.816038458576872,9.230458599718277,0,COc1cc(C=C2SC(=Nc3ccccc3)N(Cc3ccco3)C2=O)ccc1OC(C)C(=O)O
46.936072865139685,-3.8752283225418296,0,O=C(O)C1CCCCC1C(=O)Nc1ccc(Oc2ccccc2)cc1
30.336954418121074,-8.509152343611104,0,COc1cc(CNc2ccc(O)cc2)cc(Cl)c1OCc1ccc(Cl)cc1
10.168981870318792,12.563860134407577,1,CCCS(=O)(=O)N1Cc2cc(C#N)ccc2N(Cc2c[nH]cn2)CC1Cc1ccccc1
-31.982637553371333,-6.918009487117388,1,N#CN=C(NCCc1ccncc1)N1CCC(=C2c3ccc(Cl)cc3CCc3cc(Br)cnc32)CC1
34.640509479677974,-6.225661423573323,0,COCCC1CN(C(=O)c2cccc3ccccc23)CCN1CCc1c[nH]cn1
-36.01256300382378,-1.1558621810605954,1,CSCCC(NC(=O)c1ccc(COCc2ccc(-c3ccc(C(C)=O)cc3)o2)cc1-c1ccccc1C)C(=O)O
27.930783774378863,-13.183512312826497,0,Fc1cccc(Cl)c1COC1c2ccc(Cl)cc2SC1Cn1ccnc1
53.89036444655508,-7.68214199114364,0,Cc1cccc2c1C(O)C(Cn1ccnc1)S2
-3.5103694586312697,7.799841666415123,1,CN(C)CCS(=O)(=O)N1Cc2cc(C#N)ccc2N(Cc2c[nH]cn2)CC1Cc1ccccc1
45.48271350317902,-1.5095351579452727,0,Cc1ccc(Oc2ncccc2NC(=O)CCCC(=O)O)c2c1CCC2
-49.24422466155191,0.13478459728724074,1,CC(C)(C)CC(=O)N1CCN(C2c3ccc(Cl)cc3CCc3cc(Br)cnc32)CC1C(=O)NCc1cccnc1
-46.68646964194242,-1.3017337934268656,1,CC(C)CC(=O)N1CCN(C2c3ccc(Cl)cc3CCc3cc(Br)cnc32)CC1C(=O)NCc1cccnc1
9.492865149892149,13.078717557904737,1,Cn1cncc1C(OCc1ccc(C#N)cc1C#CC1(O)CCCCC1)c1ccc(C#N)cc1
-27.67773195502584,-7.8839016699077495,1,N#CN=C(NCc1ccccn1)N1CCC(=C2c3ccc(Cl)cc3CCc3cc(Br)cnc32)CC1
36.2007511233071,-8.699731300180964,0,C#CCNC(=O)c1cc(C(=O)c2ccc(Br)cc2)n2ccccc12
-23.917510740237724,5.25044288129636,1,Cn1cncc1CN1CC(N(CC(=O)OC(C)(C)C)S(=O)(=O)c2cccnc2)Cc2cc(C#N)ccc21
35.26621900707841,0.024266478969306546,0,N#Cc1ccc(Cn2ccnc2)cc1S(=O)(=O)c1ccc(Cl)cc1Cl
-1.486874130692886,-10.338908739935293,0,O=C(N1CCN(C2c3ccc(Cl)cc3CCc3cc(Br)cnc32)CC1)n1ccnc1
14.495489473278672,-11.722387034531632,0,CN1CCCC(CC(=O)N2CCN(C3c4ccc(Cl)cc4C=Cc4cccnc43)CC2)C1
-29.770089565409183,-0.9469219613581884,1,CSCCC(NC(=O)c1ccc(C(=Cc2cccnc2)C(=O)OC(C)(C)C)cc1-c1ccccc1C)C(=O)O
24.23985696069091,11.481075937028775,1,CSCCC(NC(=O)c1ccc(CCc2c[nH]cn2)cc1-c1ccccc1C)C(=O)O
16.47197963556754,-12.97839439010612,0,Clc1ccc2c(c1)SC(Cn1ccnc1)C2OCc1c(Cl)sc2ccccc12
22.843659223888828,-13.674091602916604,0,FC(F)(F)c1ccc2c(c1)SC(Cn1ccnc1)C2OCc1ccsc1Cl
5.875921655086329,2.497216984337421,0,COc1ccc(C(=O)C(=O)N2CCN(Cc3c[nH]cn3)c3ccc(-c4ccccc4)cc3C2)cc1
13.762452584271276,-9.96292587780241,1,CCOC(=O)c1cc(C(=O)C=Cc2ccc3c(c2)Sc2ccccc2N3C)n2ccccc12
-16.678753818636935,3.6906601070034655,1,Cn1cc(S(=O)(=O)N(Cc2ccsc2)C2Cc3cc(C#N)ccc3N(Cc3cncn3C)C2)cn1
-52.1031296621658,9.034497646605306,1,CCC(C)C(CN(CC(=O)NC(CCSC)C(=O)O)Cc1cccc2ccccc12)NC(=O)Cc1cncn1Cc1ccc(OC)cc1
13.349447582294928,8.440674101439777,1,CCOc1ccc(-c2cc(C#N)ccc2COCc2cncn2Cc2ccc(C#N)cc2)cc1
-49.05363595455486,0.09654021510727699,1,CCCCCC(=O)N1CCN(C2c3ccc(Cl)cc3CCc3cc(Br)cnc32)CC1C(=O)NCc1cccnc1
-24.495093785385336,7.699876987936846,1,CSCCC(NC(=O)C1Cc2ccccc2CN1C(=O)C(NC(=O)Cc1c[nH]cn1)C(C)C)C(=O)O
-6.732857038220458,-9.06502846980507,0,CCOC(=O)N1CCC(C(=O)N2CCN(C3c4ccc(Cl)cc4CCc4cccnc43)CC2)CC1
-34.95335913542449,-5.306509048773045,0,CSCCC(N)C(=O)N1CCC(CC(=O)N2CCN(C3c4ccc(Cl)cc4CCc4cccnc43)CC2)CC1
-9.343668382397068,-2.664059113392372,1,Cn1cncc1CN1CC(N(Cc2ccccc2)S(=O)(=O)c2ccccc2)Cc2cc(C#N)ccc21
14.735070136321488,6.781111977241817,1,CSCCC(NC(=O)c1ccc(C=Cc2cccnc2)cc1-c1ccccc1C)C(=O)O
12.206443605592296,2.5581543897745074,1,Cc1ccc(C#CC(O)(c2ccc(C#N)c(-c3cccc4ccccc34)c2)c2cncn2C)cn1
-43.893176647698404,-2.4313275537577455,0,NC(=O)N1CCCc2c(C(=O)N3CCN(C4c5ccc(Cl)cc5CCc5cc(Br)cnc54)CC3)cccc21
5.233367900064579,10.724176636711448,0,Cc1ncc(C(OCc2ccc(C#N)cc2-c2ccc3c(c2)OCO3)c2ccc(C#N)cc2)n1C
-46.89602999328338,-3.7993393332476977,1,O=C(Cc1cc[n+]([O-])cc1)N1CCC(C2c3ccc(Cl)c(Br)c3CCc3cc(Br)cnc32)CC1
-41.78162261089816,2.084369263673596,1,Cn1cncc1CN1CC(N(CC2CCN(C(=O)c3ccccc3)CC2)S(=O)(=O)c2ccccn2)Cc2cc(C#N)ccc21
-15.180015727006245,-7.739951948199842,1,N#Cc1ccc(Cn2cncc2CNC2Cc3ccccc3CN(Cc3cc(F)cc(F)c3F)C2=O)cc1
-18.877420147247783,2.205735827588472,1,Cc1ccccc1CN(C1Cc2cc(C#N)ccc2N(Cc2cncn2C)C1)S(=O)(=O)c1cn(C)cn1
37.1396078633786,-1.1042897991721203,1,CC(=O)N1Cc2cc(C#N)ccc2N(Cc2c[nH]cn2)CC1Cc1ccccc1
-30.80908955130508,-2.2076930189498767,1,CSCCC(NC(=O)c1ccc(C=Cc2cnccc2C(O)c2ccccc2)cc1-c1ccccc1C)C(=O)O
-53.88950997312036,9.527815821893357,1,CCC(C)C(CN(CC(=O)NC(CCSC)C(=O)O)Cc1cccc2ccccc12)NC(=O)Cc1cncn1Cc1cccc2ccccc12
22.96524413772624,-8.956808255516117,0,Cc1c2c(nn1CC(=O)N1c3ccccc3Sc3ccccc31)-c1ccccc1C2=O
-35.59423909587378,-4.019885526088455,1,CSCCC(NC(=O)c1ccc(COCc2ccc(-c3ccc(C(C)C)cc3)o2)cc1-c1ccccc1C)C(=O)O
-41.058835052441296,2.539786649914106,1,Cn1cncc1CN1CC(N(CC2CCN(C(=O)OC(C)(C)C)CC2)S(=O)(=O)c2ccccn2)Cc2cc(C#N)ccc21
26.408535871233727,7.3877146899858115,0,COc1cccc(-c2cc(N)ccc2COC(c2ccc(C#N)cc2)c2cncn2C)c1
-50.47910949012458,2.688486853163465,1,O=C(NCc1cccnc1)C1CN(C2c3ccc(Cl)cc3CCc3cc(Br)cnc32)CCN1C(=O)NC1CCCC1
3.577257822409915,3.3253506387507894,0,CCCCC1CN(c2cccc(C)c2C)C(=O)C(=O)N1Cc1cncn1Cc1ccc(C#N)cc1
-12.500232160681493,-1.1683510592564885,1,CCCOc1ccncc1C=Cc1ccc(C(=O)NC(CCSC)C(=O)O)c(-c2ccccc2C)c1
-21.482038221879712,-8.287016917467838,0,N#Cc1ccc(Cn2cncc2CN2CCN(c3cccc(Cl)c3)C(=O)C2)cc1Oc1ccc(Cl)cc1
49.82635870834706,-4.731162124822503,0,COc1cccc2c1cc1c(=O)n(C)c(SC(C)=O)c(O)n12
-5.690099429858068,6.176273372171675,1,Cn1cncc1CN(CCN(Cc1ccccc1)S(=O)(=O)c1ccccn1)c1ccc(C#N)cc1
-0.09641460924418704,-2.7457329309933627,0,O=C(c1ccccc1SCCO)N1CCN(Cc2c[nH]cn2)c2ccc(-c3ccccc3)cc2C1
-53.144277293305315,9.942225123279165,1,CCC(C)C(CN(CC(=O)NC(CCSC)C(=O)O)Cc1cccc2ccccc12)NC(=O)Cc1cncn1Cc1ccc2ccccc2n1
-5.579891239751233,-6.049700392874751,1,Cn1cnnc1C(O)(c1ccc(Cl)cc1)c1ccc2c(c1)c(-c1cccc(Cl)c1)cc(=O)n2C
-4.679026690486952,7.000923298356711,1,CC1(c2cccc3ccccc23)C(=O)N(CCCn2ccnc2)C(=O)N1Cc1ccc(C(=O)O)cc1
-20.507640547903982,-9.502586342866948,1,CC1(c2cccc3ccccc23)C(=O)N(CCCn2ccnc2)C(=O)N1Cc1cccc(Oc2ccccc2)c1
7.813833288283961,-7.928338413551372,1,CC1(c2cccc3ccccc23)C(=O)N(CCCn2ccnc2)C(=O)N1Cc1cccc(Cl)c1
13.286452585452656,8.905692478956112,1,CCOC(=O)CN1C(=O)N(CCCc2cncn2C)C(=O)C1(C)c1cccc2ccccc12
-41.984592733116706,4.083240163088484,0,CCOC(=O)c1sc(N(Cc2cncn2Cc2ccc([N+](=O)[O-])cc2)C(=O)OC(C)(C)C)c(C#N)c1-c1ccc(Cl)cc1
-52.82729608024578,10.32484625935022,1,CCOC(=O)c1sc(N(Cc2cncn2Cc2ccc(C#N)cc2)Cc2cncn2Cc2ccc(C#N)cc2)c(C#N)c1-c1ccc(Cl)cc1
-40.9580147914689,1.024372079645888,1,CCC(C)C(CN(CC(=O)NC(CCSC)C(=O)O)Cc1cccc2ccccc12)NC(=O)CSc1ccncc1
-50.226435554301624,8.944563054627972,1,CCC(C)C(CN(CC(=O)NC(CCSC)C(=O)O)Cc1cccc2ccccc12)NC(=O)CSCc1ccc([N+](=O)[O-])cc1
-35.862780517995624,-3.489139959636327,1,CSCCC(NC(=O)c1ccc(COCc2ccc(-c3ccc(N(C)C)cc3)o2)cc1-c1ccccc1C)C(=O)O
27.942594873065772,5.394760630792539,0,N#Cc1ccc(Cn2cncc2C(=O)N2CCN(c3cccc(Cl)c3)C(=O)C2)cc1
-6.367638183364551,6.500181963961847,1,Cn1cncc1C(OCc1c(-c2ccc(F)c(Cl)c2)cc(C#N)c(=O)n1C)c1ccc(C#N)cc1
6.228819418669347,-6.857693893120671,0,CC(C)(C(=O)N1CCN(C2c3ccc(Cl)cc3CCc3cccnc32)CC1)c1cc[n+]([O-])cc1
9.826341370330404,-11.836669716227009,0,CN1CCC(CC(=O)N2CCN(C3c4ccc(Cl)cc4SCc4cccnc43)CC2)CC1
27.493736268387313,10.583448827798499,1,CN(C1Cc2cc(C#N)ccc2N(Cc2cncn2C)C1)S(=O)(=O)c1cnn(C)c1
32.67045097998803,7.071670390535164,0,CC(=O)OCC(=O)C1(O)CCC2C3CC=C4CC(=O)CCC4(C)C3C(=O)CC21C
-4.3388691516397975,9.859601590871383,1,CCOc1cccc(-c2cc(C#N)c(=O)n(C)c2COC(c2ccc(C#N)cc2)c2cncn2C)c1
46.90462546071681,-8.138636359125716,1,CCCCC1CN(C(=O)c2ccccc2)CCN1CC(N)CS
37.38749506968086,-7.855082518539316,0,CCCCC1CN(C(=O)c2cccc3ccccc23)CCN1Cc1c[nH]cn1
-27.67756896266332,-7.883848425518109,1,N#CN=C(NCc1cccnc1)N1CCC(=C2c3ccc(Cl)cc3CCc3cc(Br)cnc32)CC1
-26.964680920612164,-8.290684799813027,1,N#Cc1ccc(Cn2cnnc2CN(CCc2ccc(Br)cc2)C(=O)c2ccc3ccccc3c2)cc1
47.74343356657898,-8.239120020473456,0,C#CCCOC(=O)c1cc(C(=O)c2ccccc2)n2c(C)cccc12
46.27183138126853,-1.8652890281894947,0,N#Cc1cnn(CC(=O)N2c3ccccc3Sc3ccccc32)c1N
-11.872404954706997,-11.99607151130047,1,O=C(Cc1ccncc1)N1CCN(C2c3ccc(Cl)cc3CCc3cc(Br)cnc32)CC1
13.90362342597185,-11.680056964620842,0,CN1CCC(CC(=O)N2CCN(C3c4ccc(Cl)cc4CCc4cccnc43)CC2)CC1
-6.445372909933603,2.2988861040788824,1,N#Cc1ccc(Cn2cnnc2CN(CCc2ccc(F)cc2)C(=O)c2ccc3ccccc3n2)cc1
32.71047656924274,-8.743999402574726,0,C#CCNC(=O)c1cc(C(=O)c2ccc(Br)cc2)n2c(C)cccc12
1.6275416401456382,-1.5317889616061815,1,N#Cc1ccc2cc1Oc1ccc(Br)c(c1)CN1CCN(CC1=O)Cc1cncn1C2
-27.325919086725094,-1.8544023672230674,1,CN1CCCCC(CCC(F)(F)F)(c2cccc(Oc3cc(C(C)(N)c4cncn4C)ccc3C#N)c2)C1=O
32.33357587672247,-8.333279518471201,0,Cc1cccc2c1N(Cc1c[nH]cn1)CCN(C(=O)c1cccc3ccccc13)C2
8.325796891449908,15.529879603159504,0,Cn1cncc1C(OCc1ccc(C#N)cc1NC(=O)c1ccccc1)c1ccc(C#N)cc1
-36.486295798447856,-3.867925418036812,1,CSCCC(NC(=O)c1ccc(COCc2ccc(-c3ccc(SC)cc3)o2)cc1-c1ccccc1C)C(=O)O
-53.36122728665703,7.179204135755534,1,O=C(NCCCc1c[nH]cn1)C1CN(C2c3ccc(Cl)cc3CCc3cc(Br)cnc32)CCN1C(=O)NC1CCCCC1
27.127066777130967,2.7904247825882393,1,N#Cc1ccc(Cn2cncc2CNC2CCN(C(=O)c3cccc(Cl)c3)C2)cc1
-20.153921422530797,-10.14719990674645,1,Cn1cncc1CN(Cc1ccc(Cl)c(Cl)c1)C(=O)N1CCC(C#N)=C(c2cccc3ccccc23)C1
11.245965760475508,-4.577040507728249,0,O=S1(=O)c2cc(Cl)ccc2C(OCc2ccc(Cl)cc2Cl)C1Cn1ccnc1
17.35226906984473,3.411611577028446,0,COCCN1C(=O)C(=O)C(C(=O)c2ccc(C)cc2)C1c1cccc(Oc2ccccc2)c1
27.31629939236055,5.704534642433742,1,CN(C1Cc2cc(C#N)ccc2N(Cc2cncn2C)C1)S(=O)(=O)c1ccccc1
10.911112613978279,-3.754265029652078,0,O=C(c1cccc2ccccc12)N1CCN(Cc2c[nH]cn2)c2ccc(-c3ccccn3)cc2C1
21.67073126510176,8.116383523157229,1,CSCCC(NC(=O)c1ccc(CCn2ccnc2)cc1-c1ccccc1C)C(=O)O
11.907339496079747,2.043832656244784,1,Cn1cncc1C(OCc1ccc(C#N)cc1)c1ccc(C#N)c(-c2cccc3ccccc23)c1
34.3037753227707,1.5188687078091394,0,CC(=O)OCC(=O)C1(O)C(C)CC2C3CC=C4CC(=O)C=CC4(C)C3=CCC21C
29.47356304165283,3.974546449792945,1,CCC1(c2cccc(Oc3cc(Cn4ccnc4)ccc3C#N)c2)CCCCNC1=O
7.589997806280344,-6.859445666096041,0,O=C(NCC(=O)N1CCC(=C2c3ccc(Cl)cc3CCc3cccnc32)CC1)c1ccccc1
-22.380099213451143,-9.86881678303028,1,N#Cc1ccc(Cn2cncc2CN(CCCc2ccccc2)C2CCN(Cc3cccc(Cl)c3)C2=O)cc1
-25.02612022288929,-12.063190560200084,0,O=C(c1cccc2ncccc12)N1CCN(C2c3ccc(Cl)cc3CCc3cc(Br)cnc32)CC1
16.75206945463214,-12.356095831930414,0,c1ccc(-c2ccc3c(c2)CN(Cc2cccc4ccccc24)CCN3Cc2c[nH]cn2)cc1
12.269995679807097,9.693077693056807,0,Cn1cnc(S(=O)(=O)N(CCN(Cc2c[nH]cn2)c2ccccc2)Cc2ccccc2)c1
-52.38722663615282,5.340546908964983,1,CN(C)C(=O)CCC(=O)N1CCN(C2c3ccc(Cl)cc3CCc3cc(Br)cnc32)CC1C(=O)NCc1cccnc1
-27.201857708811723,-11.067080813927221,0,O=C(c1cccc2c1ccc[n+]2[O-])N1CCN(C2c3ccc(Cl)cc3CCc3cc(Br)cnc32)CC1
-54.99908518150919,7.922812031090709,1,O=C(NCCCN1CCCC1=O)C1CN(C2c3ccc(Cl)cc3CCc3cc(Br)cnc32)CCN1C(=O)NC1CCCCC1
-49.15760341301937,1.2582746951837285,1,CC(C)(C)OC(=O)N1CCN(C2c3ccc(Cl)cc3CCc3cc(Br)cnc32)CC1C(=O)NCc1cccnc1
-13.826374895505731,4.222827416693916,0,O=C(Cc1cc[n+]([O-])cc1)N1CCN(C2c3ccc(Cl)cc3S(=O)(=O)Cc3cccnc32)CC1
-21.17892041012296,-9.668604215193378,0,COc1ccc(CSCC(N)C(=O)N2CCC(=C3c4ccc(Cl)cc4CCc4cccnc43)CC2)cc1
34.27822002672814,-8.710442505608057,0,CS(=O)(=O)N1CCC(=C2c3ccc(Cl)cc3CCc3cccnc32)CC1
-11.945946773594372,-1.343665717026868,1,CCCCC(=O)c1ccc(C#CC(O)(c2ccc(C#N)cc2)c2cncn2C)c(-c2cccc(OC)c2)c1
48.80463777887534,-7.868935470408293,1,N#Cc1ccc(Cn2ccnc2)cc1Oc1ccc2ccccc2c1
-37.96894541181792,-2.351799520348769,1,Cn1cncc1C(OCc1c(-c2cccc(Cl)c2)cc(C#N)c(=O)n1C)c1ccc(C#N)c(-c2cccc(Cl)c2)c1
-18.09019248542856,1.6137710669474603,1,Cn1cncc1C(OCc1c(-c2cccc(Br)c2)cc(C#N)c(=O)n1C)c1ccc(C#N)cc1
-21.859758112940664,2.01433085515688,1,Cn1c(COC(c2ccc(C#N)cc2)c2cncs2)c(-c2ccc(OC(F)(F)F)cc2)cc(C#N)c1=O
-5.367424703800333,7.19840931485248,1,Cc1ncc(C(OCc2c(-c3cccc(Cl)c3)cc(C#N)c(=O)n2C)c2ccc(C#N)cc2)n1C
22.502993406620135,-9.989486544646292,0,O=C(C1CCNCC1)N1CCN(C2c3ccc(Cl)cc3CCc3cccnc32)CC1
20.30457403672684,-11.822483478799137,0,CN1CCCC(C(=O)N2CCN(C3c4ccc(Cl)cc4CCc4cccnc43)CC2)C1
-13.04246939404784,4.277974959413877,1,Cn1cncc1CN1CC(N(Cc2ccccc2)S(=O)(=O)c2ccccn2)Cc2cc(C#N)ccc21
-4.77732565174127,-9.116340258021639,1,CCCCC1CN(C(=O)c2cccc3ccccc23)CCN1Cc1cncn1Cc1ccc(C#N)cc1
31.95611677968368,2.3169982701453256,0,COCCC1CN(C(=O)c2cccc3ccccc23)CCN1C(=O)Cc1c[nH]cn1
-3.1719325497017605,-9.5173599440886,0,COc1ccc2ccccc2c1C(=O)N1CCN(Cc2c[nH]cn2)c2ccc(-c3ccccc3)cc2C1
-7.097669359037521,-5.749017119006271,1,N#Cc1ccc(Cn2cncc2CNC2C(=O)N(Cc3ccccc3Cl)CCc3ccccc32)cc1
27.39246643337379,2.894656478024192,1,N#Cc1ccc(Cn2cncc2CNC2CCN(Cc3ccccc3Cl)C2=O)cc1
3.1885723197093574,12.746103018903572,1,COc1cccc(-c2cc(C=O)cc3cc(C(O)(c4ccc(C#N)cc4)c4cncn4C)oc23)c1
-35.9947377835627,1.6313590419533572,1,COc1cccc(-c2cc(C(=O)NN3CCOCC3)cc3cc(C(O)(c4ccc(C#N)cc4)c4cncn4C)oc23)c1
19.677733542947983,2.8182029214425475,0,CSCCC(NC(=O)CCN1c2ccccc2Sc2ccc(Cl)cc21)C(=O)O
-6.647042618183913,-8.236300207109228,0,CNC(=O)N1CCCC(CC(=O)N2CCN(C3c4ccc(Cl)cc4CCc4cccnc43)CC2)C1
-26.25728235487718,9.521507583516888,1,CC(C)(C)C(NC(=O)CCc1c[nH]cn1)C(=O)N1Cc2ccccc2CC1C(=O)NC(CCC(N)=O)C(=O)O
-49.51698146377143,6.694455159120156,1,CCC(C)C(CN(CC(=O)NC(CCSC)C(=O)O)Cc1cccc2ccccc12)NC(=O)Cc1cncn1Cc1ccccc1
3.181691854579983,18.926491798385896,1,Cn1cncc1C(N)(c1ccc(C#N)cc1)c1cc2cc([N+](=O)[O-])cc(-c3ccccc3)c2o1
-47.54403582289717,-0.24793556612070744,1,CCCCC1CN(C2c3ccc(Cl)cc3CCc3cc(Br)cnc32)CCN1C(=O)CC1CCN(C(N)=O)CC1
-22.276449560614836,-10.679672891740259,0,CC(C)(C)OC(=O)N1CCCC(CC(=O)N2CCN(C3c4ccc(Cl)cc4CCc4cccnc43)CC2)C1
-32.234451044525684,-2.352739465292113,1,CSCCC(NC(=O)c1ccc(C=Cc2cnccc2C(O)C2CCCCC2)cc1-c1ccccc1C)C(=O)O
12.799383095364085,2.6623212323091656,1,N#Cc1ccc2cc1Oc1ccc(CC3CC3)c(c1)CN1CCN(CC1=O)Cc1cncn1C2
21.73622586723464,-10.613929358441874,0,O=C(Cc1ccncc1)N1CCC(=C2c3ccc(Cl)cc3CCc3ncccc32)CC1
28.973537356296575,-8.810643285068885,0,O=C(Cc1c(-c2ccccc2)[nH]c2ccccc12)N(Cc1ccncc1)C1CCCC1
29.071163833219188,10.543571452884343,0,Cc1ccccc1-c1cc(NCc2c[nH]cn2)ccc1C(=O)NC(CC(C)C)C(=O)O
-28.18330939926561,-4.559696030319468,1,CSCCC(NC(=O)c1ccc(COCc2ccc(-c3cccc(F)c3)o2)cc1-c1ccccc1C)C(=O)O
49.72457287276971,-3.6973915364161627,0,CC(C)Sc1sc(C(=O)O)c(-c2ccccc2O)c1C#N
48.070462224202174,-1.1519395633329077,0,CC(C)Sc1sc(C(=O)O)c(-c2cc(O)cc(O)c2)c1C#N
1.1839649239517767,6.4963073907599185,0,CC12C=C(C3OCCO3)C(=O)C=C1CCC1C2C(=O)CC2(C)C1CCC21OCOC12COCO2
37.63629692634081,-5.454930488131866,0,CCOC(=O)c1sc(SC(C)C)c(C#N)c1Nc1ccc(Cl)cc1
-11.461403629395308,-2.9114668707834843,0,N#Cc1ccc(Cn2cncc2CNc2ccc(C(=O)NCC3CCCCC3)c(-c3ccccc3)c2)cc1
-54.07257010343745,6.423302077143869,1,O=C(NCCCn1ccnc1)C1CN(C2c3ccc(Cl)cc3CCc3cc(Br)cnc32)CCN1C(=O)NC1CCCCC1
-48.58331658487884,-0.15197418416305244,1,O=C(NCc1cccnc1)C1CN(C2c3ccc(Cl)cc3CCc3cc(Br)cnc32)CCN1C(=O)C1CCCC1
-50.46884318123377,1.2650799718478207,0,COc1ccc(CSCC(NC(=O)OC(C)(C)C)C(=O)N2CCC(=C3c4ccc(Cl)cc4CCc4cccnc43)CC2)cc1
-10.539864543128957,-6.541143193931973,1,Cn1cncc1C(OCc1ccc(C#N)cc1C#Cc1ccc(-c2ccccc2)cc1)c1ccc(C#N)cc1
-18.10049323239218,-10.97676079132092,1,O=C(Cc1cc[n+]([O-])cc1)N1CCC(C2c3ccc(Cl)cc3C=Cc3cc(Br)cnc32)CC1
27.343543265002026,3.1154779185944816,1,N#Cc1ccc(Cn2cncc2CNC2CCN(Cc3ccc(Cl)cc3)C2=O)cc1
-37.34869413770865,-1.4213120541451487,1,CSCCC(=NC(=O)C1CCN(C(=O)N(Cc2ccccc2)Cc2cncs2)CC1c1ccccc1C)C(=O)O
31.3079000828703,-11.31726648924411,0,CC(C)N(Cc1ccncc1)C(=O)Cc1cn(Cc2ccccc2)c2ccccc12
31.169782898280555,-12.93080516283928,0,Fc1ccc2c(c1)C(OCc1c(F)cccc1Cl)C(Cn1ccnc1)S2
14.081271270074977,6.869046506649465,1,CSCCC(NC(=O)c1ccc(CCc2cccnc2)cc1-c1ccccc1C)C(=O)O
-23.610580969114977,-8.600715410952072,1,N#Cc1ccc(Cn2cncc2CNC2C(=O)N(Cc3cccc(Br)c3)CCc3ccccc32)cc1
24.505593686003984,6.580192248564721,1,CCC1(c2cccc(Oc3cc(Cc4c[nH]cn4)ccc3C#N)c2)CCCCN(C)C1=O
12.855264703865956,6.165148084805818,1,CSCCC(NC(=O)c1ccc(C=Cc2cncs2)cc1-c1ccccc1C)C(=O)O
-12.84564419130457,4.957098162750228,1,CCCn1c(COC(c2ccc(C#N)cc2)c2cncn2C)c(-c2cccc(Cl)c2)cc(C#N)c1=O
6.245336024100659,4.122599169783049,1,CC1(c2cccc3ccccc23)C(=O)N(CCCn2ccnc2)C(=O)N1Cc1cccc(C#N)c1
0.6440534817044155,10.575955035438984,1,CCC1CCCN(C)C(=O)C1c1cccc(Oc2cc(C(C)(N)c3cncn3C)ccc2C#N)c1
-52.62655464891697,4.1703393880908495,1,O=C(NCc1cccnc1)C1CN(C2c3ccc(Cl)cc3CCc3cc(Br)cnc32)CCN1C(=O)NC1CCCCC1
-48.385740243061406,1.4739582442979215,1,CC(C)CNC(=O)N1CCN(C2c3ccc(Cl)cc3CCc3cc(Br)cnc32)CC1C(=O)NCc1cccnc1
-47.8970150480709,2.233096579229643,1,CC(=O)CCC(=O)N1CCN(C2c3ccc(Cl)cc3CCc3cc(Br)cnc32)CC1C(=O)NCc1cccnc1
-15.258497378191342,2.8633700991090985,1,Cn1cncc1CN1CC(N(Cc2ccsc2)S(=O)(=O)c2ccccn2)Cc2cc(C#N)ccc21
-23.3142225025311,-4.750066308700588,0,O=C(CN1C(=O)c2ccccc2S1(=O)=O)N1CCC(=C2c3ccc(Cl)cc3CCc3cccnc32)CC1
32.44568847741754,8.218627785108906,0,CC(C)CC(NC(=O)c1c(NCc2c[nH]cn2)cccc1-c1ccccc1)C(=O)O
-15.39299649157626,1.527141725314134,1,Cn1c(COC(c2ccc(C#N)cc2)c2cncs2)c(-c2cc(Cl)cc(Cl)c2)cc(C#N)c1=O
44.26599936586082,-3.834483364871889,0,CC(C)Sc1sc(C(=O)O)c(Nc2ccc(Cl)cc2)c1C#N
39.98260835564816,-4.035904221219696,0,CC(C)C(NC(=O)CCN1c2ccccc2Sc2ccccc21)C(=O)O
-35.96211919164873,-5.0138534107408415,1,Cn1cncc1C(C)(O)C1=Cc2cccnc2C(N2CCN(C(=O)OC3(C)CCCCC3)CC2)c2ccc(Cl)cc21
3.9076643166197895,12.33836082867844,1,CSCCC(NC(=O)c1ccc(C=Cc2c[nH]ccc2=O)cc1-c1ccccc1C)C(=O)O
-26.3613277768006,-3.887522910637384,1,CSCCC(NC(=O)c1ccc(C=Cc2ccc(Oc3ccccc3)nc2)cc1-c1ccccc1C)C(=O)O
-1.0458353305806203,-1.7849673992480433,0,CCOC(=O)C(C#N)=CC(C(=O)N1c2ccccc2Sc2ccccc21)[n+]1ccc(N(C)C)cc1
-40.24243471964275,2.5435928109462114,0,Cn1cnc(S(=O)(=O)N(CCN(Cc2cncn2C)c2ccc(C#N)cc2)CC2CCN(C(=O)OC(C)(C)C)CC2)c1
43.501121556884186,-4.5665242287546315,0,COc1ccn2c(C(=O)C=Cc3ccc(Cl)cc3)cc(C(=O)O)c2c1
41.503579867139514,-7.830624211383511,1,CCCCC1CN(C(=O)c2cccc(C)c2C)CCN1CC(N)CS
-26.321607892786123,-1.9461096038283252,1,Cn1cncc1CN(CCN(Cc1ccccc1)S(=O)(=O)c1cccc2cccnc12)c1ccc(C#N)cc1
5.22911676253228,15.948153203957107,0,CC(C)CC(NC(=O)c1ccc(NCc2ncc[nH]2)cc1-c1cccc2ccccc12)C(=O)O
17.186116069858386,-5.731742247029808,0,COC(=O)C(CCSC)N(C(=O)c1ccccc1)C1CCN(Cc2cscn2)CC1
2.5647995590011274,8.78178874426662,0,CC(C)CC(NC(=O)c1ccc(NCc2ccncc2)cc1-c1cccc2ccccc12)C(=O)O
6.895474053510036,10.301807477300725,1,CCC1(c2cccc(Oc3cc(C(O)c4cncn4C)ccc3C#N)c2)CCCCN(C)C1=O
-14.179663331401423,-9.837984594831227,0,N#Cc1ccc(Cn2cncc2CN2CCN(c3cccc(Cl)c3)C(=O)C2)cc1Sc1ccccc1
-3.3901076142718374,-9.882170430212225,1,Cn1cncc1C(O)(c1ccc(Cl)cc1)c1ccc2c(c1)c(-c1cccc(Cl)c1)cc(=O)n2C
2.407285671333433,-1.970262589508999,1,Cn1cncc1C(O)(c1ccc(Cl)cc1)c1ccc2[nH]c(=O)cc(-c3cccc(Cl)c3)c2c1
-48.28694354340289,4.143371593971234,1,Cn1cncc1C(OCc1c(-c2ccc(OC(F)(F)F)cc2)cc(C#N)c(=O)n1C)c1ccc(C#N)c(-c2cccc(Cl)c2)c1
29.001366362514023,-9.119669356420024,0,O=C(Cc1c(-c2ccccc2)[nH]c2ccccc12)N(Cc1cccnc1)C1CCCC1
27.717135224802952,9.510207067514033,1,CN(C1Cc2cc(C#N)ccc2N(Cc2cncn2C)C1)S(=O)(=O)c1cccnc1
31.794582727519746,-9.45684705992737,0,CCC(C)N(Cc1ccncc1)C(=O)Cc1c(-c2ccccc2)[nH]c2ccccc12
-1.4793689468995732,18.99600151237587,1,COc1cccc(-c2cc([N+](=O)[O-])cc3cc(C(N)(c4ccc(C#N)cc4)c4cncn4C)oc23)c1
9.273785722318507,-11.857590858108795,1,Cn1cncc1C(c1ccc(Cl)cc1)c1ccc2c(c1)c(-c1cccc(Cl)c1)cc(=O)n2C
27.94361904611657,5.372639852306037,0,N#Cc1ccc(Cn2cncc2CN2CCN(c3cccc(Cl)c3)C(=O)C2=O)cc1
31.444610440247935,-1.2199766666681016,0,N#Cc1ccc(Cn2cncc2CN2CCN(c3cccc(Cl)c3)CC2=O)cc1
11.530817680181798,-9.863322657103064,0,CC(C)N(Cc1ccncc1)C(=O)Cc1c(-c2ccc(Br)cc2)[nH]c2ccccc12
-16.820638627651903,2.430150138039575,1,Cn1cncc1C(OCc1c(-c2cccc(Cl)c2)cc(C#N)c(=O)n1CC1CC1)c1ccc(C#N)cc1
20.626532991587545,-6.5205500925201365,0,O=C(Cc1c(-c2ccccc2)[nH]c2ccccc12)N(Cc1cccnc1)Cc1cccnc1
-6.5324675297059285,6.698526092001382,1,Cn1cncc1C(OCc1c(-c2cc(F)cc(Cl)c2)cc(C#N)c(=O)n1C)c1ccc(C#N)cc1
9.823601225207517,-9.781877534859566,0,O=C(c1cccc2ncccc12)N1CCN(C2c3ccc(Cl)cc3CCc3cccnc32)CC1
11.2069583858446,12.344653193911254,1,CSCCC(NC(=O)c1ccc(C=Cc2cncnc2)cc1-c1ccccc1C)C(=O)O
-51.057699721731396,4.5080053967441795,0,O=C(CCC(C(=O)N1CCC(=C2c3ccc(Cl)cc3CCc3cccnc32)CC1)N1C(=O)c2ccccc2C1=O)Nc1ccccc1
-19.4515315389641,-8.384945853662316,1,N#Cc1ccc(Cn2cncc2CNC2Cc3ccccc3CN(c3cccc(Br)c3)C2=O)cc1
12.904013412579667,-10.775539379115477,0,O=C(CNCc1ccccc1)N1CCC(=C2c3ccc(Cl)cc3CCc3cccnc32)CC1
37.98588329275455,-6.155880228591787,0,N#CCCN(C(=O)Cc1c(-c2ccccc2Cl)[nH]c2ccccc12)C1CC1
-27.452724280473856,-4.2545508394660905,1,CSCCC(NC(=O)c1ccc(COCc2ccc(-c3ccc(C)cc3)o2)cc1-c1ccccc1C)C(=O)O
-9.10113535305293,-7.477261983991292,0,O=C(NCC(=O)N1CCC(=C2c3ccc(Cl)cc3CCc3cccnc32)CC1)OCc1ccccc1
8.957634756744518,-6.5084266607845285,1,CCc1ccc(C#CC(O)(c2ccc(C#N)c(-c3cccc4ccccc34)c2)c2cncn2C)cc1
-28.18330940403853,-4.559696038336241,1,CSCCC(NC(=O)c1ccc(COCc2ccc(-c3ccc(F)cc3)o2)cc1-c1ccccc1C)C(=O)O
15.53418584963431,6.290095644834232,1,Cn1cncc1C(NN1CCC(C#N)=C(c2cccc3ccccc23)C1)c1ccc(C#N)cc1
-38.586653845081926,-2.089148995979683,1,Cn1cncc1C(OCc1c(-c2cc(Cl)cc(Cl)c2)cc(C#N)c(=O)n1C)c1ccc(C#N)c(Br)c1
51.50826384662075,-6.826942753751378,0,O=C(O)c1cc(C(=O)c2ccc(Cl)cc2)n2ccccc12
30.551424135759287,0.9807634933604499,0,Cc1ccc[n+](C(C=C(C#N)C#N)C(=O)N2c3ccccc3Sc3ccccc32)c1
-16.758153262320132,-7.153769254562087,0,CCOC(=O)C(C#N)=CC(C(=O)N1c2ccccc2Sc2ccc(Cl)cc21)[n+]1ccc(N(C)C)cc1
36.01590274320341,-7.9315998265939145,0,CC(=O)N1CCC(=C2c3ccc(Cl)cc3CCc3cc(CO)cnc32)CC1
13.349427930741465,8.440670024318429,1,CCOc1cccc(-c2cc(C#N)ccc2COCc2cncn2Cc2ccc(C#N)cc2)c1
-52.06507577542215,6.102309155345788,1,O=C(NCCc1c[nH]cn1)C1CN(C2c3ccc(Cl)cc3CCc3cc(Br)cnc32)CCN1C(=O)NC1CCCCC1
22.543674392896826,7.692542065235784,1,COc1cccc(-c2cc(C#N)ccc2COCc2cncn2Cc2ccc(C#N)cc2)c1
-47.29325257210065,2.9498209195570135,1,CCC(C)C(CN(CC(=O)NC(CCSC)C(=O)O)Cc1cccc2ccccc12)NC(=O)CSCc1ccc(C)cc1
-12.72128871532242,7.552746805640399,1,Cn1cnc(S(=O)(=O)N(CCN(Cc2cncn2C)c2ccc(C#N)cc2)CCn2cccc2)c1
42.0525381916802,-9.913891415672088,0,Clc1ccc2c(c1)SC(Cn1ccnc1)C2OCc1ccsc1
-0.6993523985649407,3.635948589302598,0,N#Cc1ccc(C(OCc2ccc(C#N)cc2-c2ccc3c(c2)OCO3)c2cnccc2Cl)cc1
20.096693734231835,4.941970681587332,0,COc1cccc(-c2cc(C=O)ccc2COC(c2ccc(C#N)cc2)c2cncn2C)c1
-21.90589057263887,6.437422303255364,0,Cc1c(CN(CCN(Cc2cncn2C)c2ccc(C#N)cc2)S(=O)(=O)c2cn(C)cn2)cnn1C
-22.000549916969128,6.563120312639144,0,Cn1cnc(S(=O)(=O)N(CCN(Cc2cncn2C)c2ccc(C(N)=O)cc2)Cc2ccccc2)c1
-18.752454940938,-10.6130863402141,1,O=C(Cc1cc[n+]([O-])cc1)N1CCN(C2c3ccc(Cl)cc3C=Cc3cc(Br)cnc32)CC1
-12.695734805928945,6.3883487975656115,0,Cn1cnc(S(=O)(=O)N(CCN(Cc2cncn2C)c2ccc(C#N)cc2)Cc2cccs2)c1
12.55783052082289,2.1393003069426553,0,Cc1ncc(C(OCc2ccc(C#N)cc2-c2cccc(Cl)c2)c2ccc(C#N)cc2)n1C
-12.63983760887614,5.675515698053622,0,COCC(=O)Nc1ccc(COC(c2ccc(C#N)cc2)c2cncn2C)c(-c2cccc(OC)c2)c1
4.030240474790196,19.645766911565893,0,CC12CCC(=O)c3coc(c31)C(=O)c1cc3c(cc12)C(=O)C1=NCCS(=O)(=O)C1C3=O
14.211709483914936,4.9089673683960955,0,O=C(c1cc[n+]([O-])cc1)N1CCC(=C2c3ccc(Cl)cc3C(O)Cc3cccnc32)CC1
26.56409101724851,10.726544275163286,1,Cn1cncc1C(OCc1ccc(C#N)cc1-c1ccc(C#N)cc1)c1ccc(C#N)cc1
-22.68436644421337,3.435182588025447,1,Cn1cncc1CN1CC(N(CC(=O)OC(C)(C)C)S(=O)(=O)c2ccccc2)Cc2cc(C#N)ccc21
41.242577587374335,-3.5299007575621686,0,CCOC(=O)C(C#N)=CC(C(=O)c1ccccc1)[n+]1ccc(N(C)C)cc1
48.2390511170521,-4.6268968617883095,0,Cc1ccc(C(=O)C(=CC(C#N)C#N)[n+]2ccc(N(C)C)cc2)cc1
44.553302886541424,-4.195527641625411,0,CN(C)c1cc[n+](C(=CC(C#N)C#N)C(=O)c2ccc(Cl)cc2)cc1
11.220650633270397,13.759617834981572,1,Cn1cncc1C(OCc1ccc(C#N)cc1C#Cc1cccc(O)c1)c1ccc(C#N)cc1
49.96980040131855,-6.473550043468049,0,CC(C)Sc1sc(C(=O)O)c(Cc2ccccc2)c1C#N
-10.347132820921313,-3.4920720256143754,0,O=C(Nc1ccc2c(c1)N(Cc1c[nH]cn1)CCN(C(=O)c1cccc3ccccc13)C2)c1ccccc1
-12.44548072346555,-4.183470225823955,0,O=C(Nc1ccc2c(c1)N(Cc1c[nH]cn1)CCN(C(=O)c1cccc3ccccc13)C2)C1CCCCC1
14.210597885568335,4.9083594074675405,0,O=C(c1cc[n+]([O-])cc1)N1CCC(=C2c3ccc(Cl)cc3CC(O)c3cccnc32)CC1
-27.094504087348756,-11.06094994211482,1,O=C(Cc1cc[n+]([O-])cc1)N1CCN(C2c3ccc(Cl)c(Cl)c3CCc3cc(Br)cnc32)CC1
-53.71780624712683,5.996564445143041,1,NC(=O)C(=O)N1CCC(CC(=O)N2CCC(C3c4ncc(Br)cc4CCc4cc(Cl)cc(Br)c43)CC2)CC1
34.242245770474845,7.838030089208881,0,N#Cc1c(NC(=O)Cc2c[nH]cn2)sc(C(=O)O)c1-c1ccc(Cl)cc1
17.97267702849683,4.696166190385826,0,O=C(Nc1ccncc1)c1ccc(C2(O)c3ccc(Cl)cc3CCc3cccnc32)cc1
52.02582189647856,-9.168611671420566,0,CN1CCC(C2c3ccccc3CCc3cccnc32)CC1
-15.825480859301246,-7.557087414236227,1,Cn1cncc1C(N)(c1ccc(Cl)cc1)c1cc2c3c(c1)c(-c1cccc(Cl)c1)cc(=O)n3CCO2
22.787936702273097,-12.992497103013415,0,O=C(CN1CCC(=C2c3ccc(Cl)cc3CCc3cccnc32)CC1)c1ccccc1
27.541145264280274,4.233165604691915,0,COCCC1CN(C(=O)c2cccc3ccccc23)CCN1C(=O)CCc1c[nH]cn1
23.944571322757795,3.845242120938098,1,Cn1cncc1C(OCc1ccc(C#N)cc1C#Cc1ccccc1)c1ccc(C#N)cc1
-12.980881505703689,-6.449323332547162,0,COC(=O)c1ccccc1S(=O)(=O)N1CCC(=C2c3ccc(Cl)cc3CCc3cccnc32)CC1
45.27310211887655,-8.078315604886674,1,N#Cc1ccc(Cn2ccnc2)cc1Oc1ccc(Cl)c(Cl)c1
29.379707734088413,-7.832234124628461,0,O=C(N1CCN(C2c3ccc(Cl)cc3CCc3cccnc32)CC1)n1ccnc1
-51.66704482614019,10.459928119679235,1,CCC(C)C(CN(CC(=O)NC(CCSC)C(=O)O)Cc1cccc2ccccc12)NC(=O)Cc1cn(Cc2ccc([N+](=O)[O-])cc2)cn1
51.62396899413546,-7.5561570311159585,1,C#Cc1cccc(Oc2cc(Cn3ccnc3)ccc2C#N)c1
23.59560474996485,-13.424556829029793,0,Clc1ccc2c(c1)C(OCc1c(Cl)cccc1Cl)C(Cn1ccnc1)S2
24.48323431097583,8.812297395776161,0,Cc1ccc(Oc2ncccc2NC(=O)CC(CC(=O)O)c2ccccc2)c2c1CCC2
-50.928745525506464,9.628388582734779,1,CCC(C)C(CN(CC(=O)NC(CCSC)C(N)=O)Cc1cccc2ccccc12)NC(=O)Cc1cncn1Cc1ccc(C#N)cc1
27.603259205450083,-11.702515581860348,1,Cc1ccccc1-c1c(CC(=O)N(Cc2ccncc2)C(C)C)c2ccccc2n1C
52.71624336584012,-7.063812177224827,0,Cc1ccn2c(C(=O)c3ccccc3)cc(C(=O)O)c2c1
9.730471049044338,-9.33044937268103,1,CCOC(=O)c1cc(C(=O)C=Cc2ccc3c(c2)Sc2ccccc2N3C)n2c(C)cccc12
27.6349542379652,-11.660167656527221,0,CCn1c(-c2ccccc2)c(CC(=O)N(Cc2ccncc2)C(C)C)c2ccccc21
45.09998529551946,-1.2327379530941187,0,O=C(CCN1c2ccccc2Sc2ccccc21)NC(CO)C(=O)O
-19.387211691379715,-9.298414357147278,0,CC1(C)C2CCC1(CS(=O)(=O)N1CCC(=C3c4ccc(Cl)cc4CCc4cccnc43)CC1)C(O)C2
-5.010846462002544,10.2634528996221,1,COCCCN(C1Cc2cc(C#N)ccc2N(Cc2cncn2C)C1)S(=O)(=O)c1cn(C)cn1
-2.6548965935407485,-9.278852661776952,0,O=C(Cc1ccccc1)NCC(=O)N1CCC(=C2c3ccc(Cl)cc3CCc3cccnc32)CC1
-3.846937646860361,8.699435018480944,1,Cn1cncc1C(C)(O)C1=Cc2cccnc2C(N2CCN(C(N)=O)CC2)c2ccc(Cl)cc21
-6.908103094274937,-6.3854848735563525,1,N#Cc1ccc(Cn2cncc2CNC2Cc3ccccc3CN(Cc3ccccc3Cl)C2=O)cc1
25.61641546469184,8.799224355237792,0,CC(=O)OC1CCC2(C)C3Cc4c(O)cc(C=O)c(C=O)c4OC3(C)CCC2C1(C)C
10.75230123967784,-9.124867364625242,0,O=C(c1cccc2ccccc12)N1CCN(Cc2c[nH]cn2)c2ccc(C3CCCCC3)cc2C1
39.523657448030185,-4.800605656278346,0,N#Cc1ccc(Cn2cncc2CN2CCN(c3ccccc3)C(=O)C2)cc1
-25.423983405780525,4.791171500632944,0,Cn1cncc1C(OCc1ccc(C#N)cc1NS(=O)(=O)c1cccc2ccccc12)c1ccc(C#N)cc1
2.0838071127126683,2.4932239372543266,1,CS(=O)(=O)N1Cc2cc(-c3cccnc3)ccc2N(Cc2c[nH]cn2)CC1Cc1ccccc1
0.6751636486965191,9.648820588385478,1,Cn1cncc1C(OCc1c(-c2cccc(F)c2F)cc(C#N)c(=O)n1C)c1ccc(C#N)cc1
5.678402735202877,13.78558666709509,1,COC(=O)c1ccc2cc1CN1CCN(CC1=O)Cc1cncn1Cc1ccc(C#N)c(c1)O2
50.34050100084181,-4.376935089159771,0,NC(CS)CNCc1cccc(-c2cccc(C(=O)O)c2)c1
-21.737716671398015,-9.920039772040134,1,COc1cc(C)cc2c1C(C1CCN(C(=O)Cc3cc[n+]([O-])cc3)CC1)c1ncc(Br)cc1CC2
-8.15531427461359,-4.237014735075624,1,CSCCC(NC(=O)c1ccc(C=Cc2cnc3ccccc3c2)cc1-c1ccccc1C)C(=O)O
-32.89870451801317,-2.4421524843277234,1,COc1ccccc1-c1ccc(COCc2ccc(C(=O)NC(CCSC)C(=O)O)c(-c3ccccc3C)c2)o1
5.753573966800736,12.575376655941401,0,CCC(CC)C(=O)OCC(=O)C1(O)CCC2C3CC=C4CC(=O)CCC4(C)C3C(=O)CC21C
6.396940981147979,12.660721670229561,1,CN1CCCCC(C)(c2cccc(Oc3cc(C(C)(N)c4cncn4C)ccc3C#N)c2)C1=O
-24.32132566166094,5.728921599491143,0,COC(=O)C(CCSC)NC(=O)CN1C(=O)N(Cc2c[nH]cn2)C(=O)C1(C)c1cccc2ccccc12
-46.081708957481986,0.17059592779425128,1,CCCNC(=O)N1CCN(C2c3ccc(Cl)cc3CCc3cc(Br)cnc32)CC1C(=O)NCc1cccnc1
-14.829225001567234,-9.646773830760843,1,Cn1cncc1C(N)(c1ccc(Cl)cc1)c1cc2c3c(c1)c(-c1cccc(Cl)c1)cc(=O)n3CCC2
-22.268008036683092,-2.9087416359288714,1,CSCCC(NC(=O)c1ccc(COCc2ccc(-c3ccccc3)o2)cc1-c1ccccc1C)C(=O)O
-5.308221124915916,7.046600029463348,1,CCn1c(COC(c2ccc(C#N)cc2)c2cncn2C)c(-c2cccc(Cl)c2)cc(C#N)c1=O
0.27705470088915024,10.058301572013294,1,Cn1cncc1C(OCc1c(-c2cc(F)ccc2F)cc(C#N)c(=O)n1C)c1ccc(C#N)cc1
7.526483169148445,-12.259626997171933,1,Cn1cncc1C(C)(c1ccc(Cl)cc1)c1ccc2c(c1)c(-c1cccc(Cl)c1)cc(=O)n2C
-32.30737257811125,-1.5061726988972224,0,N#Cc1ccc(Cn2cncc2CN2CCN(c3cccc(Cl)c3)C(=O)C2)cc1Oc1cccc(OCCO)c1
6.245350934579851,4.122628022934602,1,CC1(c2cccc3ccccc23)C(=O)N(CCCn2ccnc2)C(=O)N1Cc1ccccc1C#N
46.554162551737434,-1.375119868155282,0,O=C(c1ccccc1)c1ccc(N=Cc2cc([N+](=O)[O-])ccc2O)cc1
42.22560835613283,-3.473592335509715,0,Cc1cccc(Oc2ccc(NC(=O)c3ccccc3C(=O)O)cc2)c1C
34.00020296385634,-10.160743141970753,1,Oc1cccc2ccc(C=Cc3ccccc3OCc3ccccc3Cl)nc12
44.272726067067026,-7.77323787387561,0,C#CCNC(=O)c1cc(C(=O)c2ccc(Cl)cc2)n2c(C)cccc12
49.92352830784137,-8.08907184080672,0,C#CCOC(=O)c1cc(C(=O)c2ccccc2)n2c(C)cccc12
-22.7478827238733,-6.769811785386299,0,O=C(CN1c2ccccc2Sc2ccccc21)NCc1cn(CC(=O)c2ccc(Br)cc2)nn1
28.746625983967444,-9.381806577328476,0,C#CCCOC(=O)c1cc(C(=O)c2ccc(Br)cc2)n2c(C)cccc12
-13.597477607562668,4.8663069972420345,1,CCCCC1(c2cccc(Oc3cc(C(C)(N)c4cncn4C)ccc3C#N)c2)CCCCN(C)C1=O
-43.47368403999643,-1.3375848609065695,1,CSCCC(NC(=O)c1ccc(COCc2ccc(-c3ccccc3C(F)(F)F)o2)cc1-c1ccccc1C)C(=O)O
51.293459072086435,-9.084817966551835,0,C=CCOC1c2ccc(Cl)cc2SC1Cn1ccnc1
20.736249684215903,-10.723807818754075,0,Clc1ccc2c(c1)SC(Cn1ccnc1)C2OCc1c(Cl)ccc2c1OCO2
-13.351240069539266,-4.1479592672236585,0,CC(N)C(=O)N1CCC(CC(=O)N2CCN(C3c4ccc(Cl)cc4CCc4cccnc43)CC2)CC1
50.901848944787766,-1.9620430738388854,0,O=Cc1cc(O)c(C=O)c(C(=O)c2cccc(O)c2O)c1
22.14751225206382,8.037123170760566,1,CSCCC(NC(=O)c1ccc(C=Cn2ccnc2)cc1-c1ccccc1C)C(=O)O
45.48319692829248,-7.50892841127337,0,O=C(Cc1cccnc1)N1CCN(C(=O)c2ccc(Cl)cc2)CC1
-25.25204692571675,9.432559119703278,1,CC(C)(C)C(NCCc1c[nH]cn1)C(=O)N1Cc2ccccc2CC1C(=O)NC(CCC(N)=O)C(=O)O
-48.497803538683584,4.114547145693535,1,Cn1cncc1C(OCc1c(-c2ccc(OC(F)(F)F)cc2)cc(C#N)c(=O)n1C)c1ccc(C#N)c(-c2ccccc2Cl)c1
5.013383782652652,15.559706588818864,1,Cn1cncc1C(OCc1[nH]c(=O)c(C#N)cc1-c1cccc(Cl)c1)c1ccc(C#N)cc1
18.841078466367627,4.43862971722322,1,C=CCc1ccc2cc1CN1CCN(CC1=O)Cc1cncn1Cc1ccc(C#N)c(c1)O2
2.1298086290946334,2.5093666573446094,1,CS(=O)(=O)N1Cc2cc(-c3ccncc3)ccc2N(Cc2c[nH]cn2)CC1Cc1ccccc1
-54.087285999859574,5.347686879790438,1,O=C(NCc1cccnc1)C1CN(C2c3ccc(Cl)cc3CCc3cc(Br)cnc32)CCN1C(=O)NCC1CCCCC1
-48.7817302864631,1.5743072294148612,1,CC(C)(C)NC(=O)N1CCN(C2c3ccc(Cl)cc3CCc3cc(Br)cnc32)CC1C(=O)NCc1cccnc1
-1.7621080038526644,-9.529883358365728,1,CSc1ccc(CN2C(=O)N(CCCn3ccnc3)C(=O)C2(C)c2cccc3ccccc23)cc1
-22.163770993943828,-6.793402393668609,1,N#Cc1ccc(Cn2cncc2CN(CCN2CCNCC2)C2CCN(Cc3cccc(Cl)c3)C2=O)cc1
23.093036645331278,2.4809700621327386,1,Cn1cncc1C(c1ccc(C#N)cc1)N1CCC(C#N)=C(c2cccc3ccccc23)C1
-43.44295303144659,-2.687430832684396,1,N#CN=C(Nc1ccc2c(c1)COCO2)N1CCC(=C2c3ccc(Cl)cc3CCc3cc(Br)cnc32)CC1
-22.07723748714763,3.056703134451897,1,Cn1cncc1C(OCc1c(-c2cccc(OC(F)(F)F)c2)cc(C#N)c(=O)n1C)c1ccc(C#N)cc1
-14.999300026051431,6.197457534354577,0,CCOC(=O)c1sc(NCc2cn(Cc3ccc(C#N)cc3)cn2)c(C#N)c1-c1ccc(Cl)cc1
-26.392260291387498,-7.550340029665565,1,COC(=O)C(CCSC)NC(=O)c1ccc(COCc2ccc(Br)o2)cc1-c1ccccc1C
-40.7449670503097,0.8121123255264305,1,N#CN=C(NCC1CCN(C(N)=O)CC1)N1CCC(=C2c3ccc(Cl)cc3CCc3cc(Br)cnc32)CC1
-24.860149153640993,6.831969886596104,1,CSCCC(NC(=O)CN1C(=O)N(CCc2c[nH]cn2)C(=O)C1(C)c1cccc2ccccc12)C(=O)O
5.229116762532269,15.948153203957105,0,CC(C)CC(NC(=O)c1ccc(NCc2c[nH]cn2)cc1-c1cccc2ccccc12)C(=O)O
0.6541189329416454,13.130350570033503,0,CC(C)CC(NC(=O)c1ccc(CNCc2c[nH]cn2)cc1-c1cccc2ccccc12)C(=O)O
-21.48203822187216,-8.28701691746634,0,N#Cc1ccc(Cn2cncc2CN2CCN(c3cccc(Cl)c3)C(=O)C2)cc1Oc1ccccc1Cl
-5.6681591361492805,1.4892015619583756,1,N#Cc1ccc(Cn2cncc2COCc2ccc(C#N)cc2-c2cccc(OC(F)(F)F)c2)cc1
-48.1261553612939,3.2288460304582682,1,CSCCC(NC(=O)c1ccc(C=Cc2cnccc2C(O)(c2ccccc2)c2ccccc2)cc1-c1ccccc1C)C(=O)O
-13.688545057923108,8.905460921022673,1,N#Cc1ccc(Cn2cncc2CNC2Cc3ccccc3CN(c3cccc([N+](=O)[O-])c3)C2=O)cc1
-17.451023120931605,2.2052457724985315,1,CN1CCCCC(CCC2CC2)(c2cccc(Oc3cc(C(C)(N)c4cncn4C)ccc3C#N)c2)C1=O
-22.307348379581434,-11.132153496761694,1,N#CN=C(NC1CCCCC1)N1CCC(=C2c3ccc(Cl)cc3CCc3cc(Br)cnc32)CC1
42.66491715505033,-8.693277694951126,0,Oc1ccc(NCc2cc(Cl)ccc2OCc2ccccc2F)cc1
-41.538753153743265,0.42204814325056317,1,Cn1cncc1C(OCc1c(-c2ccc(OC(F)(F)F)cc2)cc(C#N)c(=O)n1C)c1ccc(C#N)c(Br)c1
-48.255278857977686,1.5384807764717507,1,CCCCNC(=O)N1CCN(C2c3ccc(Cl)cc3CCc3cc(Br)cnc32)CC1C(=O)NCc1cccnc1
-14.83704214944464,3.4654448385535646,1,Cn1cncc1C(OCc1c(-c2cccc(Cl)c2)cc(C#N)c(=O)n1C)c1ccc(C#N)c(Cl)c1
-6.524358503033461,6.680034204127536,1,Cn1cncc1C(OCc1c(-c2cccc(Cl)c2F)cc(C#N)c(=O)n1C)c1ccc(C#N)cc1
-17.042767666572004,1.4747031715294596,0,NCNC(=O)N1CCC(CC(=O)N2CCN(C3c4ccc(Cl)cc4CCc4cccnc43)CC2)CC1
-20.404148842738454,-1.2413618090620382,0,O=C(Nc1ccc2c(c1)N(Cc1c[nH]cn1)CCN(C(=O)c1cccc3ccccc13)C2)NC1CCCCC1
-46.253707712644726,0.8658172609260676,1,CCCCC(=O)N1CCN(C2c3ccc(Cl)cc3CCc3cc(Br)cnc32)CC1C(=O)NCCc1c[nH]cn1
-26.569775186034448,4.017829180104736,1,CC1(c2cccc3ccccc23)C(=O)N(CCCn2ccnc2)C(=O)N1Cc1ccc(S(C)(=O)=O)c(C#N)c1
-37.919526439830925,-3.534464866641818,1,CSCCC(NC(=O)c1ccc(COCc2ccc(-c3ccc(Cl)c(F)c3)o2)cc1-c1ccccc1C)C(=O)O
-25.423021702789168,9.422047470957855,0,CC12CCC(=O)C=C1CCC1C2C(=O)CC2(C)C1CCC2(O)C(=O)COC(=O)CC(CC(=O)O)C(=O)O
-28.67794109222737,-5.498269191735355,1,N#Cc1ccc(Cn2cnnc2CN(CCc2ccc(Br)cc2)C(=O)c2ccc3ccccc3n2)cc1
-14.485861430695392,-11.184794349553163,1,CC1(c2cccc3ccccc23)C(=O)N(CCCn2ccnc2)C(=O)N1Cc1ccc(Br)cc1
27.085697666949855,9.606901705646562,1,Cn1cncc1C(OCc1ccc(C#N)cc1C#CCCCCO)c1ccc(C#N)cc1
-8.074463178356636,-5.946222844783192,0,N#Cc1ccc(Cn2cncc2CN2CCN(c3cccc(Cl)c3)C(=O)C2)cc1Oc1ccccc1
20.967428345498092,-9.93475089528752,0,O=C(Cc1cccnc1)N1CCN(C2c3ccc(Cl)cc3CCc3cccnc32)CC1
10.956487076373723,14.530989341073589,1,CN1CCCCC(c2cccc(Oc3cc(C(C)(N)c4cncn4C)ccc3C#N)c2)C1=O
8.858185483122478,-12.217931407418247,0,CC(C)N(Cc1ccncc1)C(=O)Cc1cn(Cc2cccc(Br)c2)c2ccccc12
-47.11135494832651,-3.5208014797232536,1,O=C(Cc1cc[n+]([O-])cc1)N1CCC(C2c3ncc(Br)cc3CCc3cc(Cl)cc(Br)c32)CC1
0.9545870721370472,10.049631556449581,1,Cn1cncc1C(OCc1c(-c2ccc(F)cc2F)cc(C#N)c(=O)n1C)c1ccc(C#N)cc1
-7.008202484803803,-5.890891767165488,1,N#Cc1ccc(Cn2cncc2CNC2C(=O)N(Cc3cccc(Cl)c3)CCc3ccccc32)cc1
-54.31631893842368,5.439494428918809,1,O=C(NCc1cccnc1)C1CN(C2c3ccc(Cl)cc3CCc3cc(Br)cnc32)CCN1C(=O)NC1CCCCCC1
-6.973995571334215,1.8573850506932472,1,COc1cccc(-c2cc(CN(C)C)cc3cc(C(O)(c4ccc(C#N)cc4)c4cncn4C)oc23)c1
2.7491099162863684,11.620265936461177,1,Cn1cncc1C(O)(C#Cc1ccc(C#N)cc1)c1ccc(C#N)c(-c2cccc3cccnc23)c1
-53.45722235400886,7.104723657286839,1,COC(=O)CCCCC(=O)N1CCN(C2c3ccc(Cl)cc3CCc3cc(Br)cnc32)CC1C(=O)NCc1cccnc1
-46.574266881544055,-0.0587073141161888,1,CCOCC(=O)N1CCN(C2c3ccc(Cl)cc3CCc3cc(Br)cnc32)CC1C(=O)NCc1cccnc1
-52.399427785888506,4.910838316069079,1,CC(=O)CCCCC(=O)N1CCN(C2c3ccc(Cl)cc3CCc3cc(Br)cnc32)CC1C(=O)NCc1cccnc1
29.255550722442983,1.8129951626721315,1,Cc1ccc2cc1CN1CCN(CC1=O)Cc1cncn1Cc1ccc(C#N)c(c1)O2
-27.39074725730856,-8.60616688880302,0,N#Cc1ccc(Cn2cncc2CN2CCN(c3cccc(Cl)c3)C(=O)C2)cc1Oc1ccc2c(c1)CCCC2
12.565553442684342,-9.396684507348201,0,O=C(c1cccc2ccccc12)N1CCN(Cc2c[nH]cn2)c2ccc(-c3ccccc3)cc2C1
-17.914715538801108,-6.673959805262474,1,CSCCC(NC(=O)c1ccc(C=Cc2cncc(-c3ccccc3)c2)cc1-c1ccccc1C)C(=O)O
11.03092193082105,-0.97179677451984,0,O=C(O)c1ccc(C(=O)N2CCC(=C3c4ccc(Cl)cc4CCc4cccnc43)CC2)cc1
-46.570886507935924,-0.05937073352815575,1,COCCC(=O)N1CCN(C2c3ccc(Cl)cc3CCc3cc(Br)cnc32)CC1C(=O)NCc1cccnc1
-10.771703050319859,-10.796774726776288,1,CC1(c2cccc3ccccc23)C(=O)N(CCCn2ccnc2)C(=O)N1Cc1cccc(C(F)(F)F)c1
-17.843394093027673,2.6497242059466446,1,CCS(=O)(=O)CC1CN(c2cccc(Cl)c2)C(=O)CN1Cc1cncn1Cc1ccc(C#N)cc1
-5.553203649117125,8.685993249496521,1,CC(C)=CCCC(C)=CCN=CC1=C2C(=O)C(=O)c3cc4c(O)ccc(O)c4cc3C2(C)CCC1=O
31.687525801605673,-2.090853541424855,1,Cc1ccccc1-c1cc(C(O)(C#Cc2ccccc2)c2cncn2C)ccc1C#N
-46.644240426053436,-1.2794573296039873,1,CCCCC(=O)N1CCN(C2c3ccc(Cl)cc3CCc3cc(Br)cnc32)CC1C(=O)NCc1cccnc1
-54.44273124427362,6.261585486100752,1,Cn1cnc(CCNC(=O)C2CN(C3c4ccc(Cl)cc4CCc4cc(Br)cnc43)CCN2C(=O)NC2CCCCC2)c1
22.650107140822055,7.982458237495126,1,CCOC(=O)CN1C(=O)N(CCCn2ccnc2)C(=O)C1(C)c1cccc2ccccc12
-14.494144473376618,-11.185931521483086,1,CC1(c2cccc3ccccc23)C(=O)N(CCCn2ccnc2)C(=O)N1Cc1cccc(Br)c1
-26.186227997103774,6.222290553454179,1,CSCCC(NC(=O)CN1C(=O)N(CCCc2c[nH]cn2)C(=O)C1(C)c1cccc2ccccc12)C(=O)O
12.296549683883716,-12.847903774097961,0,Clc1ccc(COC2c3c(Cl)cc(Cl)cc3SC2Cn2ccnc2)c(Cl)c1
21.603529775318904,2.5133738798989254,0,O=C(c1cc[n+]([O-])cc1)N1CCC(=C2c3ccc(Cl)cc3OCc3cccnc32)CC1
-44.51603958956384,-2.3465627544660608,1,CCCCC(=O)N1CCN(C2c3ccc(Cl)cc3CCc3cc(Br)cnc32)CC1C(=O)Nc1cccnc1
-31.092798646578068,-1.0162060525925156,1,Cn1cncc1C(OCc1c(-c2ccc(OC(F)(F)F)cc2)cc(C#N)c(=O)n1C)c1ccc(C#N)c(Cl)c1
2.160447463304572,13.454654378651803,1,COc1cccc(-c2cc(C#N)c(=O)n(C)c2COC(c2ccc(C#N)cc2)c2cncn2C)c1
-42.081862540032354,-2.163932327473615,1,CSCCC(NC(=O)c1ccc(C=Cc2cnccc2OCc2cc(F)cc(F)c2)cc1-c1ccccc1C)C(=O)O
-25.900455302816084,9.696571137050332,1,CC(C)(C)C(NC(=O)Cc1c[nH]cn1)C(=O)N1Cc2ccccc2CC1C(=O)NC(CCC(N)=O)C(=O)O
-32.70693583328461,-2.6842664220214725,1,COc1cccc(-c2ccc(COCc3ccc(C(=O)NC(CCSC)C(=O)O)c(-c4ccccc4C)c3)o2)c1
-58.0272343718337,7.973638817555288,1,CCN(CC)C(=O)CN1CCC(CC(=O)N2CCC(C3c4ncc(Br)cc4CCc4cc(Cl)cc(Br)c43)CC2)CC1
-18.596929000607428,-10.079588302735136,0,CC(C)(C)OC(=O)N1CCC(C(=O)N2CCN(C3c4ccc(Cl)cc4CCc4cccnc43)CC2)CC1
-53.37961528173867,6.293500870013276,1,N#Cc1ccc(Cn2cncc2CN2CCCN(C3c4ccccc4N(CCCN4CCOCC4)S(=O)(=O)c4ccccc43)CC2)cc1
11.42436173410374,1.9158688196584028,0,CCOC(=O)C(C#N)=CC(C(=O)N1c2ccccc2Sc2ccccc21)[n+]1cccc(C)c1
24.496890739320836,3.459264792173289,1,CCc1ccc2cc1CN1CCN(CC1=O)Cc1cncn1Cc1ccc(C#N)c(c1)O2
-36.9355475869357,-1.3965243524264233,1,CC(C)(C)OC(=O)NCCCN(Cc1cncn1Cc1ccc(C#N)cc1)C1CCN(Cc2cccc(Cl)c2)C1=O
13.121789544600482,-9.957944572250423,0,O=S(=O)(c1cccs1)N1CCC(=C2c3ccc(Cl)cc3CCc3cccnc32)CC1
-15.959111001539469,-9.027301974363835,1,Cn1cncc1C(O)(c1ccc(Cl)cc1)c1cc2c3c(c1)c(-c1cccc(Cl)c1)cc(=O)n3CCO2
-33.874986945884345,-2.915621216796052,0,CSCCC(NC(=O)c1ccc(NCc2cn(Cc3cccc4ccccc34)cn2)cc1-c1ccccc1)C(=O)O
-29.271794230274253,-1.1709324207425404,1,CC1(c2cccc3ccccc23)C(=O)N(CCCn2ccnc2)C(=O)N1Cc1ccccc1CNS(C)(=O)=O
-29.203384284844013,-1.0191436725710332,1,CC1(c2cccc3ccccc23)C(=O)N(CCCn2ccnc2)C(=O)N1Cc1ccc(CNS(C)(=O)=O)cc1
25.726464372963843,11.03121037970568,0,CC(=O)OC1CCC2(C)C3Cc4c(O)cc(CO)c(CO)c4OC3(C)CCC2C1(C)C
-0.8481232599371873,1.5780258661704365,0,NC(=O)N1CCCC(CC(=O)N2CCN(C3c4ccc(Cl)cc4CCc4cccnc43)CC2)C1
18.057706590028697,3.1912209277907766,1,CCC1(c2cccc(Oc3cc(Cn4ccnc4)ccc3C#N)c2)CCCCN(C(C)=O)C1
31.847945499679792,1.190241150375113,1,N#Cc1ccc(Cn2cncc2CNC2CCN(c3ccccc3Cl)C2=O)cc1
-53.23895429997359,2.8164139190824615,1,O=C(NCc1cccnc1)C1CN(C2c3ccc(Cl)cc3CCc3cc(Br)cnc32)CCN1C(=O)C1CCCCCC1
-15.48904336918411,-7.90117083555472,1,N#Cc1ccc(Cn2cncc2CNC2Cc3ccccc3CN(c3cc(Cl)cc(Cl)c3)C2=O)cc1
-4.889033200648772,6.081119600565494,1,N#Cc1ccc2c(c1)CN(S(=O)(=O)c1ccccc1)C(Cc1ccccc1)CN2Cc1c[nH]cn1
55.016915185917306,-7.390697439295032,0,c1cnc2c(c1)ccc1cccnc12
-45.050316788283745,0.502114110891457,1,CSCCC(NC(=O)c1ccc(C=Cc2cnccc2C(=O)C23CC4CC(CC(C4)C2)C3)cc1-c1ccccc1C)C(=O)O
10.370151161098649,-3.9396593355493104,1,CCCCC1CN(c2cccc(Cl)c2)C(=O)CN1Cc1cncn1Cc1ccc(C#N)cc1
-54.74963679999756,3.9251647132083183,1,N#CCC(=O)N1CCC(CC(=O)N2CCC(C3c4ncc(Br)cc4CCc4cc(Cl)cc(Br)c43)CC2)CC1
20.539480129994196,-7.586201751514994,0,O=C(Nc1ccncc1)C1CCN(C2c3ccc(Cl)cc3CCc3cccnc32)CC1
7.121589745809122,-7.106418126559306,1,Cn1cncc1C(O)(C#Cc1ccc(Cl)cc1)c1ccc(C#N)c(-c2cccc3ccccc23)c1
31.285252752859382,-0.5823174496950259,0,O=C(Cc1ccncc1)NCCNC1c2ccc(Cl)cc2CCc2cccnc21
-27.677568939826088,-7.88384841611673,1,N#CN=C(NCc1ccncc1)N1CCC(=C2c3ccc(Cl)cc3CCc3cc(Br)cnc32)CC1
-23.22248831927944,-7.408334046268867,1,CSCCC(NC(=O)c1ccc(C=Cc2cncc(Cc3ccccc3)c2)cc1-c1ccccc1C)C(=O)O
30.52156323438659,-13.25044391988516,0,Clc1ccc2c(c1)SC(Cn1ccnc1)C2OCc1ccc(Cl)s1
-27.004842326261606,-1.9458109430891628,1,Cn1cncc1C(OCc1c(-c2cc(Cl)cc(Cl)c2)cc(C#N)c(=O)n1C)c1ccc(C#N)c(Cl)c1
-54.42273687161706,6.241775400852581,1,Cn1cncc1CCNC(=O)C1CN(C2c3ccc(Cl)cc3CCc3cc(Br)cnc32)CCN1C(=O)NC1CCCCC1
-5.208673015713725,-3.575914351375692,1,Cn1cnnc1C(N)(c1ccc(Cl)cc1)c1ccc2c(c1)c(-c1cccc(Cl)c1)cc(=O)n2C
21.49333525260422,-9.917809548151475,0,O=C(Cc1cccnc1)N1CCN(C2c3ccc(Cl)cc3C=Cc3cccnc32)CC1
36.74537742447651,0.5781144537719196,0,N#Cc1ccc(Cn2cncc2CNC2CCN(C(=O)c3cccnc3)C2)cc1
29.669093544236834,-8.721971897561254,0,O=C(Cc1cccnc1)N1CCN(C(c2ccncc2)c2ccc(Cl)cc2)CC1
30.98582634232284,1.6267748753900044,1,Cn1cncc1C(OCc1ccc(C#N)cc1C#CC(C)(C)C)c1ccc(C#N)cc1
20.150657618140453,4.276833378004836,1,CCCCCCC#Cc1cc(C#N)ccc1COC(c1ccc(C#N)cc1)c1cncn1C
-1.525588521029309,2.168417983736612,1,Cn1cncc1C(O)(C#Cc1ccc(C#N)cc1-c1cc(Cl)cc(Cl)c1)c1ccc(C#N)cc1
12.334787909174182,-12.085269218000123,0,CC(C)(C(=O)N1CCN(C2c3ccc(Cl)cc3CCc3cccnc32)CC1)c1ccccc1
-5.668158012202904,1.48921000852281,1,N#Cc1ccc(Cn2cncc2COCc2ccc(C#N)cc2-c2ccc(OC(F)(F)F)cc2)cc1
19.32054768834822,3.859709271905399,1,N#Cc1ccc(Cn2cncc2COCc2ccc(C#N)cc2-c2cccc(Cl)c2)cc1
-58.017830789942664,9.60895257565488,1,O=C(CC1CCN(S(=O)(=O)Cc2ccccc2)CC1)N1CCC(C2c3ncc(Br)cc3CCc3cc(Cl)cc(Br)c32)CC1
6.732487979644882,-6.24109607476601,1,CS(=O)(=O)N1CCC(C2c3ccc(Cl)cc3C(N3CCNCC3)=Cc3cccnc32)CC1
13.715352372028491,3.4382911510725327,0,O=C(Nc1cc[n+]([O-])cc1)N1CCN(C2c3ccc(Cl)cc3CCc3cccnc32)CC1
40.4611202131385,-5.181152432431813,1,N#Cc1ccc(Cn2ccnc2)cc1Oc1cccc(Nc2ccccc2)c1
2.550463610008409,12.119324366880821,1,C=C(C)CN(C1Cc2cc(C#N)ccc2N(Cc2cncn2C)C1)S(=O)(=O)c1cn(C)cn1
-57.31108397353787,8.775760206350636,1,O=C(CC1CCN(C(=O)c2cc[n+]([O-])cc2)CC1)N1CCC(C2c3ncc(Br)cc3CCc3cc(Cl)cc(Br)c32)CC1
-33.44242717673875,-3.8598757313098115,1,COC(=O)C(Cc1ccccc1)N(C(=O)c1ccccc1)C1CCN(Cc2cncn2Cc2ccc(C#N)cc2)CC1
50.043404575426216,-7.65723446375359,0,C#CCNC(=O)c1cc(C(=O)c2ccccc2)n2ccc(C)cc12
41.0340741864276,-8.142600990739346,0,C#CCCOC(=O)c1cc(C(=O)c2ccc(Cl)cc2)n2c(C)cccc12
14.989208669717312,-9.837813159050905,0,Cn1cncc1C(OCc1ccc(Cl)cc1-c1ccc(Cl)cc1)c1ccc(C#N)cc1
15.521117860634359,-10.18614762864545,0,CC(C(=O)N1CCN(C2c3ccc(Cl)cc3CCc3cccnc32)CC1)c1cccnc1
33.656717958730034,0.7302407572956581,1,N#Cc1ccc2cc1Oc1cccc(c1)CN1CCN(CC1=O)Cc1cncn1C2
31.107448045509862,-2.145132833958035,0,COCCC1CN(C(=O)c2cccc3ccccc23)CCN1CCCc1c[nH]cn1
32.616843597017,-12.74622455400701,0,Fc1ccc2c(c1)C(OCc1ccsc1Cl)C(Cn1ccnc1)S2
8.123614658048607,13.256064105983786,0,COc1cccc(-c2cc(C(=O)O)ccc2COC(c2ccc(C#N)cc2)c2cncn2C)c1
8.33756934113345,8.709507903375924,0,Cn1cncc1C(OCc1ccc(C#N)cc1-c1cccc2cccnc12)c1ccc(C#N)cc1
9.72613634271959,-7.775734475053822,0,CC(=O)N1CCCCC1C(=O)N1CCN(C2c3ccc(Cl)cc3CCc3cccnc32)CC1
-14.427304279930796,-6.711507852892169,0,CC(=O)N1CCN(c2nc(COC3c4cc(C(C)(C)C)ccc4SC3Cn3ccnc3)ns2)CC1
46.6593451648757,-6.436940753715993,0,CC(C)Sc1sc(C(=O)O)c(-c2ccc(Cl)cc2)c1C#N
-54.97699691810665,4.679488199408306,1,CC(N)C(=O)N1CCC(CC(=O)N2CCC(C3c4ncc(Br)cc4CCc4cc(Cl)cc(Br)c43)CC2)CC1
6.455190945176907,12.569890903375567,1,CCC1(c2cccc(Oc3cc(C(N)c4cncn4C)ccc3C#N)c2)CCCCN(C)C1=O
18.040499087079166,3.2134092093293254,1,CCC1(c2cccc(Oc3cc(Cc4cncn4C)ccc3C#N)c2)CCCCN(C)C1=O
-22.893367065515367,-9.241665917291588,1,CCCCN(CCC1CCCCC1)Cc1ccc(C(=O)NC(CCSC)C(=O)O)c(-c2ccccc2C)c1
35.01375686689727,-8.823886494400286,1,CCCCC1CN(C(=O)c2cccc3ccccc23)CCN1CC(N)CS
21.106506075252206,8.169991629318217,0,CCOC(=O)c1cc(C(=O)C=Cc2cc(OC)c(OC)c(OC)c2)n2ccc(OC)cc12
30.98043079954077,2.190244016447324,0,CCOC(=O)c1cc(C(=O)C=Cc2cc(OC)c(OC)c(OC)c2)n2ccccc12
6.356225184707871,11.712616263617816,1,CCOc1cccc(-c2cc(C#N)ccc2C#CC(O)(c2ccc(C#N)cc2)c2cncn2C)c1
1.762625601984017,3.469594946233218,1,CCOc1ccccc1COC(=O)N1CCN(Cc2cnc(C)n2Cc2ccc(C#N)cc2)CC1
7.332153176344494,5.329109888898019,1,CCOc1ccccc1COC(=O)N1CCN(Cc2cncn2Cc2ccc(C#N)cc2)CC1
5.165184631087592,11.909815287002965,1,CCOc1ncccc1COC(=O)N1CCN(Cc2cncn2Cc2ccc(C#N)cc2)CC1
-51.172140038007186,9.391997813345242,1,CCC(C)C(CN(CC(=O)NC(CCSC)C(=O)O)Cc1cccc2ccccc12)NC(=O)Cc1cncn1Cc1ccc(C#N)cc1
23.607027099186208,3.0132166897563666,1,CCC1(c2cccc(Oc3cc(Cn4ccnc4)ccc3C#N)c2)CCCCN(C)C1=O
0.4684251885127236,10.542120742436541,1,CCC1(c2cccc(Oc3cc(C(C)(N)c4cncn4C)ccc3C#N)c2)CCCCN(C)C1=O
19.272152069481784,4.310417299019588,0,CN(C)c1cc[n+](C(C=C(C#N)C#N)C(=O)N2c3ccccc3Sc3ccccc32)cc1
-17.566841816707417,-0.3362492274268162,1,CN(Cc1ccc(C#N)cc1)C(Cc1cncn1C)C(=O)N1CCC(C#N)=C(c2cccc3ccccc23)C1
-20.951964547883104,-10.366575222070345,1,CN1CCN(C(=O)c2cn(Cc3cncn3Cc3ccc4c(c3)OCO4)cc2-c2cccc3ccccc23)CC1
-17.65053847467214,-8.683979040235073,1,COCCN(C)C(=O)c1cn(Cc2cncn2Cc2ccc3c(c2)OCO3)cc1-c1cccc2ccccc12
35.28925854027124,-6.905257392525079,1,COCCC1CN(C(=O)c2cccc3ccccc23)CCN1CC(N)CS
1.765721037728697,3.4704959090912064,1,COCc1ccccc1COC(=O)N1CCN(Cc2cnc(C)n2Cc2ccc(C#N)cc2)CC1
7.338864459622933,5.315628973680023,1,COCc1ccccc1COC(=O)N1CCN(Cc2cncn2Cc2ccc(C#N)cc2)CC1
31.24919695652002,5.168236136419657,0,COc1cc(C=CC(=O)c2cc(C(=O)O)c3c(C)cc(C)cn23)cc(OC)c1OC
11.224887375565084,14.043546387437964,1,COc1cccc(-c2cc(C#N)ccc2C#CC(O)(c2ccc(C#N)cc2)c2cncn2C)c1
47.28313138670416,-5.075458093867105,1,COc1cccc(Oc2cc(Cn3ccnc3)ccc2C#N)c1OC
14.248614577294795,8.340417670317203,1,COc1ccccc1COC(=O)N1CCN(Cc2cncn2Cc2ccc(C#N)cc2)CC1
10.273758217279843,14.136156116262784,1,COc1ncccc1COC(=O)N1CCN(Cc2cncn2Cc2ccc(C#N)cc2)CC1
-22.115257222819444,7.409958105951042,1,CSCCC(NC(=O)C1Cc2ccccc2CN1C(=O)C(NCCc1c[nH]cn1)C(C)C)C(=O)O
5.91463791476963,16.116389613994247,1,CSCCC(NC(=O)c1ccc(CNCc2c[nH]cn2)cc1-c1ccccc1C)C(=O)O
11.93629696628705,10.247204052067305,1,CSCCC(NC(=O)c1ccc(COc2cccnc2)cc1-c1ccccc1C)C(=O)O
2.2808397490829804,0.35577088322074774,0,CC(CCC(O)C(C)(C)O)C1CCC2(C)C3=C(CCC12C)C1(C)CC(=O)C(O)C(C)(C)C1CC3
23.40811997729914,3.9038893827224626,1,Cc1ccccc1COC(=O)N1CCN(Cc2cncn2Cc2ccc(C#N)cc2)CC1
-14.241172387183118,-3.785777037624026,1,Cc1ncc(CN2CCN(C(=O)OCc3ccccc3OC(F)(F)F)CC2)n1Cc1ccc(C#N)cc1
31.3985703836473,-12.935058441048689,0,Clc1ccc(COC2c3c(Cl)cccc3SC2Cn2ccnc2)cc1
-2.186281279255655,-9.849038151504688,0,Clc1ccc2c(c1)SC(Cn1ccnc1)C2OCc1cnc2cc3c(cc2c1Cl)OCO3
-8.201248462460024,-9.212623227527361,1,Cn1cncc1C(N)(c1ccc(Cl)cc1)c1cc2c3c(c1)c(-c1cccc(Cl)c1)cc(=O)n3CC2
-10.663031420421845,-1.3402983754134474,1,Cn1cncc1C(N)(c1ccc(Cl)cc1)c1ccc2c(c1)c(-c1cccc(Cl)c1)cc1nnnn12
-14.596346868222184,4.658321598186524,1,Cn1cncc1C(N)(c1ccc(Cl)cc1)c1ccc2c(c1)c(-c1cccc(Cl)c1)nc1nnnn12
8.337612379897113,8.709387083849805,1,Cn1cncc1C(OCc1ccc(C#N)cn1)c1ccc(C#N)c(-c2cccc3ccccc23)c1
31.24642297001345,-8.265221054925227,1,Cn1cncc1Cn1cc(C(=O)N2CCOCC2)c(-c2cccc3ccccc23)c1
-4.129065593752109,-8.99814596305574,1,Cn1cncc1C(N)(c1ccc(Cl)cc1)c1ccc2c(c1)c(-c1cccc(Cl)c1)cc(=O)n2C
45.27310211839656,-8.078315604828704,1,N#Cc1ccc(Cn2ccnc2)cc1Oc1ccc(Cl)cc1Cl
-10.085241241922105,-2.2702494278441345,1,N#Cc1ccc(Cn2cncc2CN2CCN(C(=O)OCc3cccc(OC(F)(F)F)c3)CC2)cc1
6.113299457802672,10.883139101449844,1,N#Cc1ccc(Cn2cncc2CN2CCN(C(=O)OCc3cccc4c3OCO4)CC2)cc1
-7.702794011276631,-5.690162762599712,1,N#Cc1ccc(Cn2cncc2CN2CCN(C(=O)OCc3ccccc3CC(F)(F)F)CC2)cc1
14.281168565964364,2.9112379604424254,1,N#Cc1ccc(Cn2cncc2CN2CCN(C(=O)OCc3ccccc3Cl)CC2)cc1
-10.085250616142844,-2.2702597180026762,1,N#Cc1ccc(Cn2cncc2CN2CCN(C(=O)OCc3ccccc3OC(F)(F)F)CC2)cc1
0.4685234463863625,-2.02353759355707,1,N#Cc1ccc(Cn2cncc2CNC2Cc3ccccc3CN(c3cccc(Cl)c3)C2=O)cc1
15.391511624946084,3.4981798740661705,1,N#Cc1ccc(Cn2cncc2CNC2Cc3ccccc3CN(c3ccccc3)C2=O)cc1
-6.469524090967246,5.239529080540167,1,N#Cc1ccc2c(c1)CN(S(=O)(=O)c1cccs1)C(Cc1ccccc1)CN2Cc1c[nH]cn1
21.003108381315613,3.440787530951127,1,N#Cc1ccc2cc1Oc1ccc3cccc(c3c1)N1CCN(CC1=O)Cc1cncn1C2
-51.76260559946418,1.6294916424685006,1,NC(=O)N1CCC(CC(=O)N2CCC(C3c4ccc(Cl)c(Br)c4CCc4cc(Br)cnc43)CC2)CC1
-51.60659994391178,1.53848515052455,1,NC(=O)N1CCC(CC(=O)N2CCC(C3c4ncc(Br)cc4CCc4cc(Cl)cc(Br)c43)CC2)CC1
-19.35025048538032,-10.59934567057254,1,O=C(Cc1cc[n+]([O-])cc1)N1CCN(C2c3ccc(Cl)cc3CCc3cc(Br)cnc32)CC1
22.156410925419493,-12.524954342487842,0,O=C(Cc1ccccc1)N1CCN(C2c3ccc(Cl)cc3CCc3cccnc32)CC1
29.689355121036876,-9.032574751737622,0,O=C(Cc1cccnc1)N1CCN(C(c2ccc(Cl)cc2)c2ccccn2)CC1
-16.8427324770523,-8.733770291025614,1,O=C(c1cn(Cc2cncn2Cc2ccc3c(c2)OCO3)cc1-c1cccc2ccccc12)N1CCOCC1
7.7167225265206545,-9.740206909497308,1,O=C(c1cn(Cc2cncn2Cc2ccccc2)cc1-c1cccc2ccccc12)N1CCOCC1
